
DROP DATABASE IF EXISTS TestData;
CREATE DATABASE TestData;
USE TestData;


create table Customers (
	CustomerID INT,
	FirstName VARCHAR(50),
	LastName VARCHAR(50),
	DeliveryAddress VARCHAR(50),
	BillingAddress VARCHAR(50),
	Email VARCHAR(50),
	PhoneNo VARCHAR(50),
	PRIMARY KEY (CustomerID)
);
insert into Customers (CustomerID, FirstName, LastName, DeliveryAddress, BillingAddress, Email, PhoneNo) values (1, 'Dee', 'Sandeman', '4637 Fallview Junction', '517 Pawling Place', 'dsandeman0@apple.com', '673-417-9731');
insert into Customers (CustomerID, FirstName, LastName, DeliveryAddress, BillingAddress, Email, PhoneNo) values (2, 'Shannah', 'Schukraft', '64 Bellgrove Court', '6 Drewry Circle', 'sschukraft1@google.ca', '899-856-2459');
insert into Customers (CustomerID, FirstName, LastName, DeliveryAddress, BillingAddress, Email, PhoneNo) values (3, 'Birgit', 'Brunner', '453 Anthes Way', '87 Cardinal Drive', 'bbrunner2@cbc.ca', '606-782-3329');
insert into Customers (CustomerID, FirstName, LastName, DeliveryAddress, BillingAddress, Email, PhoneNo) values (4, 'Jasmine', 'Spearing', '913 Lukken Drive', '49866 Homewood Point', 'jspearing3@oracle.com', '817-187-4340');
insert into Customers (CustomerID, FirstName, LastName, DeliveryAddress, BillingAddress, Email, PhoneNo) values (5, 'Wallie', 'Broseke', '9 Eggendart Crossing', '1793 Evergreen Park', 'wbroseke4@google.it', '310-905-9935');
insert into Customers (CustomerID, FirstName, LastName, DeliveryAddress, BillingAddress, Email, PhoneNo) values (6, 'Berthe', 'Vautin', '36021 Morningstar Way', '827 Banding Hill', 'bvautin5@hao123.com', '153-205-0218');
insert into Customers (CustomerID, FirstName, LastName, DeliveryAddress, BillingAddress, Email, PhoneNo) values (7, 'Ahmed', 'Nelles', '47 Butterfield Circle', '735 Cordelia Street', 'anelles6@merriam-webster.com', '693-371-7788');
insert into Customers (CustomerID, FirstName, LastName, DeliveryAddress, BillingAddress, Email, PhoneNo) values (8, 'Laird', 'Boschmann', '4771 Karstens Circle', '56 Sachs Point', 'lboschmann7@comsenz.com', '712-556-1542');
insert into Customers (CustomerID, FirstName, LastName, DeliveryAddress, BillingAddress, Email, PhoneNo) values (9, 'Mabelle', 'Reed', '39872 Oxford Junction', '00 Bashford Center', 'mreed8@sakura.ne.jp', '471-930-1593');
insert into Customers (CustomerID, FirstName, LastName, DeliveryAddress, BillingAddress, Email, PhoneNo) values (10, 'Kayne', 'Reyna', '90 Onsgard Alley', '64 Wayridge Center', 'kreyna9@zimbio.com', '451-349-8748');
insert into Customers (CustomerID, FirstName, LastName, DeliveryAddress, BillingAddress, Email, PhoneNo) values (11, 'Winny', 'Knifton', '864 Prentice Lane', '94 Memorial Street', 'wkniftona@aol.com', '278-455-0522');
insert into Customers (CustomerID, FirstName, LastName, DeliveryAddress, BillingAddress, Email, PhoneNo) values (12, 'Datha', 'Benfield', '59 Declaration Point', '3450 Northport Junction', 'dbenfieldb@si.edu', '359-138-0832');
insert into Customers (CustomerID, FirstName, LastName, DeliveryAddress, BillingAddress, Email, PhoneNo) values (13, 'Kiri', 'Bartlam', '5164 Columbus Center', '370 Nobel Street', 'kbartlamc@xrea.com', '135-441-6911');
insert into Customers (CustomerID, FirstName, LastName, DeliveryAddress, BillingAddress, Email, PhoneNo) values (14, 'Clary', 'Chipperfield', '9 Annamark Circle', '55073 Anniversary Pass', 'cchipperfieldd@edublogs.org', '115-191-9294');
insert into Customers (CustomerID, FirstName, LastName, DeliveryAddress, BillingAddress, Email, PhoneNo) values (15, 'Merry', 'Climie', '8 Monument Lane', '45890 Moland Parkway', 'mclimiee@so-net.ne.jp', '183-751-3887');
insert into Customers (CustomerID, FirstName, LastName, DeliveryAddress, BillingAddress, Email, PhoneNo) values (16, 'Agustin', 'Laverty', '3 Beilfuss Road', '475 Bunting Place', 'alavertyf@e-recht24.de', '380-514-1534');
insert into Customers (CustomerID, FirstName, LastName, DeliveryAddress, BillingAddress, Email, PhoneNo) values (17, 'Tamar', 'Armes', '23429 Vernon Alley', '25 Hollow Ridge Parkway', 'tarmesg@guardian.co.uk', '960-404-5603');
insert into Customers (CustomerID, FirstName, LastName, DeliveryAddress, BillingAddress, Email, PhoneNo) values (18, 'Fredra', 'Steptowe', '8604 Mcguire Circle', '70863 Hansons Circle', 'fsteptoweh@umich.edu', '478-552-8257');
insert into Customers (CustomerID, FirstName, LastName, DeliveryAddress, BillingAddress, Email, PhoneNo) values (19, 'Jobyna', 'Retallack', '00 Spenser Street', '581 Green Ridge Street', 'jretallacki@cpanel.net', '845-393-4232');
insert into Customers (CustomerID, FirstName, LastName, DeliveryAddress, BillingAddress, Email, PhoneNo) values (20, 'Alexi', 'Campbell-Dunlop', '270 Veith Crossing', '810 Thompson Avenue', 'acampbelldunlopj@facebook.com', '530-663-5604');
insert into Customers (CustomerID, FirstName, LastName, DeliveryAddress, BillingAddress, Email, PhoneNo) values (21, 'Randal', 'Caesman', '3286 Glendale Street', '764 Russell Alley', 'rcaesmank@addtoany.com', '975-681-6596');
insert into Customers (CustomerID, FirstName, LastName, DeliveryAddress, BillingAddress, Email, PhoneNo) values (22, 'Prudy', 'Bullant', '2 Portage Lane', '9 Cody Park', 'pbullantl@prlog.org', '808-389-1137');
insert into Customers (CustomerID, FirstName, LastName, DeliveryAddress, BillingAddress, Email, PhoneNo) values (23, 'Kimbell', 'Bestwick', '7 Troy Hill', '813 Aberg Circle', 'kbestwickm@webmd.com', '734-419-2179');
insert into Customers (CustomerID, FirstName, LastName, DeliveryAddress, BillingAddress, Email, PhoneNo) values (24, 'Valentijn', 'Deakin', '5700 Fisk Court', '4253 Summerview Circle', 'vdeakinn@reverbnation.com', '500-332-9108');
insert into Customers (CustomerID, FirstName, LastName, DeliveryAddress, BillingAddress, Email, PhoneNo) values (25, 'Benoite', 'Dishmon', '4580 Spohn Road', '10442 Thompson Terrace', 'bdishmono@ox.ac.uk', '998-713-0260');
insert into Customers (CustomerID, FirstName, LastName, DeliveryAddress, BillingAddress, Email, PhoneNo) values (26, 'Dani', 'Wasielewicz', '48 Manufacturers Parkway', '36 Stuart Terrace', 'dwasielewiczp@acquirethisname.com', '772-569-8891');
insert into Customers (CustomerID, FirstName, LastName, DeliveryAddress, BillingAddress, Email, PhoneNo) values (27, 'Brooks', 'Toulmin', '69337 Helena Street', '6899 Mayer Park', 'btoulminq@craigslist.org', '766-342-7939');
insert into Customers (CustomerID, FirstName, LastName, DeliveryAddress, BillingAddress, Email, PhoneNo) values (28, 'Jessamine', 'Eastman', '07 Maywood Park', '7181 Pond Point', 'jeastmanr@goodreads.com', '790-391-6475');
insert into Customers (CustomerID, FirstName, LastName, DeliveryAddress, BillingAddress, Email, PhoneNo) values (29, 'Hilda', 'Rustich', '66 Morning Drive', '952 Fairview Terrace', 'hrustichs@virginia.edu', '463-416-1804');
insert into Customers (CustomerID, FirstName, LastName, DeliveryAddress, BillingAddress, Email, PhoneNo) values (30, 'Kamillah', 'Cleere', '1255 Shasta Road', '6089 Waxwing Terrace', 'kcleeret@forbes.com', '999-239-2285');
insert into Customers (CustomerID, FirstName, LastName, DeliveryAddress, BillingAddress, Email, PhoneNo) values (31, 'Ian', 'Oake', '540 Katie Avenue', '4 Comanche Parkway', 'ioakeu@walmart.com', '928-146-4926');
insert into Customers (CustomerID, FirstName, LastName, DeliveryAddress, BillingAddress, Email, PhoneNo) values (32, 'Gertie', 'Pyrton', '177 Northport Avenue', '16632 Columbus Pass', 'gpyrtonv@cdc.gov', '696-301-0433');
insert into Customers (CustomerID, FirstName, LastName, DeliveryAddress, BillingAddress, Email, PhoneNo) values (33, 'Matthaeus', 'Dykins', '5803 Arrowood Pass', '84 Logan Terrace', 'mdykinsw@phpbb.com', '811-746-1197');
insert into Customers (CustomerID, FirstName, LastName, DeliveryAddress, BillingAddress, Email, PhoneNo) values (34, 'Sherlocke', 'Bastie', '22259 Shelley Terrace', '1 Linden Avenue', 'sbastiex@flavors.me', '974-150-3959');
insert into Customers (CustomerID, FirstName, LastName, DeliveryAddress, BillingAddress, Email, PhoneNo) values (35, 'Isak', 'Weatherhill', '82 Arrowood Drive', '976 Del Mar Crossing', 'iweatherhilly@statcounter.com', '845-284-8953');
insert into Customers (CustomerID, FirstName, LastName, DeliveryAddress, BillingAddress, Email, PhoneNo) values (36, 'Templeton', 'Benito', '4066 Caliangt Drive', '868 Merrick Point', 'tbenitoz@engadget.com', '193-642-3077');
insert into Customers (CustomerID, FirstName, LastName, DeliveryAddress, BillingAddress, Email, PhoneNo) values (37, 'Valentino', 'Gommes', '82485 Vermont Lane', '775 Hansons Plaza', 'vgommes10@biglobe.ne.jp', '544-496-2789');
insert into Customers (CustomerID, FirstName, LastName, DeliveryAddress, BillingAddress, Email, PhoneNo) values (38, 'Damien', 'Loader', '5923 Cottonwood Drive', '5 Fair Oaks Center', 'dloader11@drupal.org', '469-870-3668');
insert into Customers (CustomerID, FirstName, LastName, DeliveryAddress, BillingAddress, Email, PhoneNo) values (39, 'Deborah', 'Riggoll', '622 Dryden Crossing', '084 Grayhawk Trail', 'driggoll12@examiner.com', '446-656-7306');
insert into Customers (CustomerID, FirstName, LastName, DeliveryAddress, BillingAddress, Email, PhoneNo) values (40, 'Wilbur', 'Schneider', '002 Grasskamp Park', '7 Bunker Hill Place', 'wschneider13@com.com', '666-405-5663');
insert into Customers (CustomerID, FirstName, LastName, DeliveryAddress, BillingAddress, Email, PhoneNo) values (41, 'Alysia', 'Suddick', '494 Wayridge Place', '53862 Manley Center', 'asuddick14@usgs.gov', '277-217-7885');
insert into Customers (CustomerID, FirstName, LastName, DeliveryAddress, BillingAddress, Email, PhoneNo) values (42, 'Tisha', 'Sexton', '4 Anniversary Lane', '8177 Bellgrove Crossing', 'tsexton15@home.pl', '733-487-0631');
insert into Customers (CustomerID, FirstName, LastName, DeliveryAddress, BillingAddress, Email, PhoneNo) values (43, 'Win', 'Gossage', '6 7th Point', '003 Elmside Court', 'wgossage16@senate.gov', '384-502-6388');
insert into Customers (CustomerID, FirstName, LastName, DeliveryAddress, BillingAddress, Email, PhoneNo) values (44, 'Kitti', 'Klaessen', '5 Stoughton Center', '2593 Jackson Crossing', 'kklaessen17@cpanel.net', '530-397-2487');
insert into Customers (CustomerID, FirstName, LastName, DeliveryAddress, BillingAddress, Email, PhoneNo) values (45, 'Gerti', 'Lassells', '4357 Eggendart Crossing', '00 Marcy Drive', 'glassells18@admin.ch', '383-386-4610');
insert into Customers (CustomerID, FirstName, LastName, DeliveryAddress, BillingAddress, Email, PhoneNo) values (46, 'Vincenz', 'Ebbins', '7 Superior Park', '1756 Esch Drive', 'vebbins19@bizjournals.com', '683-897-0635');
insert into Customers (CustomerID, FirstName, LastName, DeliveryAddress, BillingAddress, Email, PhoneNo) values (47, 'Claudina', 'O''Leahy', '75810 Hansons Hill', '69 Pepper Wood Circle', 'coleahy1a@time.com', '350-480-5710');
insert into Customers (CustomerID, FirstName, LastName, DeliveryAddress, BillingAddress, Email, PhoneNo) values (48, 'Merry', 'Greger', '9573 Rusk Alley', '508 Mayfield Hill', 'mgreger1b@nhs.uk', '272-921-0551');
insert into Customers (CustomerID, FirstName, LastName, DeliveryAddress, BillingAddress, Email, PhoneNo) values (49, 'Izzy', 'Raund', '18700 Luster Street', '6 Mifflin Pass', 'iraund1c@huffingtonpost.com', '752-544-2148');
insert into Customers (CustomerID, FirstName, LastName, DeliveryAddress, BillingAddress, Email, PhoneNo) values (50, 'Karoly', 'Tomaszewski', '9 Mifflin Parkway', '92 Rusk Way', 'ktomaszewski1d@hexun.com', '350-104-6854');
insert into Customers (CustomerID, FirstName, LastName, DeliveryAddress, BillingAddress, Email, PhoneNo) values (51, 'Yasmeen', 'Grooby', '56 Susan Court', '8 Hoepker Way', 'ygrooby1e@soundcloud.com', '559-701-2889');
insert into Customers (CustomerID, FirstName, LastName, DeliveryAddress, BillingAddress, Email, PhoneNo) values (52, 'Vinni', 'Thunnerclef', '368 Randy Lane', '20387 Main Pass', 'vthunnerclef1f@bigcartel.com', '871-311-9793');
insert into Customers (CustomerID, FirstName, LastName, DeliveryAddress, BillingAddress, Email, PhoneNo) values (53, 'Darleen', 'Klementz', '8 Hintze Hill', '98430 Lindbergh Alley', 'dklementz1g@cyberchimps.com', '221-997-1977');
insert into Customers (CustomerID, FirstName, LastName, DeliveryAddress, BillingAddress, Email, PhoneNo) values (54, 'Yolanda', 'Borley', '9 Nelson Lane', '9 Hanson Way', 'yborley1h@ebay.co.uk', '419-290-6490');
insert into Customers (CustomerID, FirstName, LastName, DeliveryAddress, BillingAddress, Email, PhoneNo) values (55, 'Margi', 'Sheal', '31811 Roth Park', '81784 Bellgrove Lane', 'msheal1i@constantcontact.com', '619-545-5228');
insert into Customers (CustomerID, FirstName, LastName, DeliveryAddress, BillingAddress, Email, PhoneNo) values (56, 'Ginevra', 'McCarroll', '09187 Superior Junction', '59416 Schlimgen Terrace', 'gmccarroll1j@wsj.com', '916-646-0975');
insert into Customers (CustomerID, FirstName, LastName, DeliveryAddress, BillingAddress, Email, PhoneNo) values (57, 'Demetri', 'Truce', '77754 Vidon Plaza', '05098 Cottonwood Pass', 'dtruce1k@dmoz.org', '656-371-6859');
insert into Customers (CustomerID, FirstName, LastName, DeliveryAddress, BillingAddress, Email, PhoneNo) values (58, 'Steffen', 'Hundley', '6 Lien Pass', '33447 Maryland Way', 'shundley1l@unesco.org', '116-253-7228');
insert into Customers (CustomerID, FirstName, LastName, DeliveryAddress, BillingAddress, Email, PhoneNo) values (59, 'Kimberli', 'Burgh', '478 Service Terrace', '215 Hermina Pass', 'kburgh1m@thetimes.co.uk', '412-193-3179');
insert into Customers (CustomerID, FirstName, LastName, DeliveryAddress, BillingAddress, Email, PhoneNo) values (60, 'Kalli', 'Zoephel', '36 Marcy Park', '157 Burrows Center', 'kzoephel1n@g.co', '812-179-5533');
insert into Customers (CustomerID, FirstName, LastName, DeliveryAddress, BillingAddress, Email, PhoneNo) values (61, 'Rasla', 'Bohlin', '05 Twin Pines Junction', '53548 Waywood Place', 'rbohlin1o@creativecommons.org', '672-979-7672');
insert into Customers (CustomerID, FirstName, LastName, DeliveryAddress, BillingAddress, Email, PhoneNo) values (62, 'Tomi', 'Bread', '2 Bartillon Avenue', '377 Merchant Lane', 'tbread1p@latimes.com', '571-867-2999');
insert into Customers (CustomerID, FirstName, LastName, DeliveryAddress, BillingAddress, Email, PhoneNo) values (63, 'Alfred', 'Clougher', '8427 Hallows Place', '82 Judy Court', 'aclougher1q@clickbank.net', '900-187-9438');
insert into Customers (CustomerID, FirstName, LastName, DeliveryAddress, BillingAddress, Email, PhoneNo) values (64, 'Dalis', 'Selly', '539 Warner Alley', '67040 Dottie Circle', 'dselly1r@dot.gov', '110-938-4326');
insert into Customers (CustomerID, FirstName, LastName, DeliveryAddress, BillingAddress, Email, PhoneNo) values (65, 'Orion', 'Goodreid', '4 Meadow Valley Road', '10 Burrows Alley', 'ogoodreid1s@uol.com.br', '515-434-5611');
insert into Customers (CustomerID, FirstName, LastName, DeliveryAddress, BillingAddress, Email, PhoneNo) values (66, 'Suzanne', 'Kohnemann', '9019 Bunting Place', '832 Straubel Trail', 'skohnemann1t@cbc.ca', '487-836-8176');
insert into Customers (CustomerID, FirstName, LastName, DeliveryAddress, BillingAddress, Email, PhoneNo) values (67, 'Barbaraanne', 'Bunford', '00690 Center Way', '39343 Merchant Court', 'bbunford1u@ocn.ne.jp', '725-298-1665');
insert into Customers (CustomerID, FirstName, LastName, DeliveryAddress, BillingAddress, Email, PhoneNo) values (68, 'Amby', 'Everwin', '7 Eggendart Center', '2 Drewry Place', 'aeverwin1v@state.tx.us', '768-412-3609');
insert into Customers (CustomerID, FirstName, LastName, DeliveryAddress, BillingAddress, Email, PhoneNo) values (69, 'Hope', 'Ducker', '12495 Arkansas Point', '08459 Hoepker Hill', 'hducker1w@newyorker.com', '862-453-6719');
insert into Customers (CustomerID, FirstName, LastName, DeliveryAddress, BillingAddress, Email, PhoneNo) values (70, 'Louis', 'Tapner', '141 Pine View Court', '799 Monterey Alley', 'ltapner1x@google.com', '111-524-7192');
insert into Customers (CustomerID, FirstName, LastName, DeliveryAddress, BillingAddress, Email, PhoneNo) values (71, 'Hadleigh', 'Lampkin', '29 Talmadge Street', '9623 Vidon Court', 'hlampkin1y@theguardian.com', '218-469-5939');
insert into Customers (CustomerID, FirstName, LastName, DeliveryAddress, BillingAddress, Email, PhoneNo) values (72, 'Rayner', 'Burling', '38 Evergreen Circle', '2 Hintze Road', 'rburling1z@ehow.com', '421-845-4586');
insert into Customers (CustomerID, FirstName, LastName, DeliveryAddress, BillingAddress, Email, PhoneNo) values (73, 'Ki', 'Golsthorp', '2881 Oak Point', '3846 Dayton Parkway', 'kgolsthorp20@youtube.com', '780-216-3192');
insert into Customers (CustomerID, FirstName, LastName, DeliveryAddress, BillingAddress, Email, PhoneNo) values (74, 'Lotta', 'Greber', '6152 Shoshone Point', '17980 Sutteridge Drive', 'lgreber21@bizjournals.com', '207-959-2856');
insert into Customers (CustomerID, FirstName, LastName, DeliveryAddress, BillingAddress, Email, PhoneNo) values (75, 'Orelia', 'Brownsett', '5 Talmadge Place', '8745 Algoma Pass', 'obrownsett22@lulu.com', '287-503-1910');
insert into Customers (CustomerID, FirstName, LastName, DeliveryAddress, BillingAddress, Email, PhoneNo) values (76, 'Maurine', 'Station', '73178 Bluejay Center', '2 Clove Court', 'mstation23@goodreads.com', '117-161-2274');
insert into Customers (CustomerID, FirstName, LastName, DeliveryAddress, BillingAddress, Email, PhoneNo) values (77, 'Georgette', 'MacSporran', '91 Monument Park', '80786 Cardinal Place', 'gmacsporran24@photobucket.com', '274-179-0666');
insert into Customers (CustomerID, FirstName, LastName, DeliveryAddress, BillingAddress, Email, PhoneNo) values (78, 'Lem', 'Matuszynski', '4 La Follette Alley', '310 Northwestern Place', 'lmatuszynski25@sciencedaily.com', '579-434-2826');
insert into Customers (CustomerID, FirstName, LastName, DeliveryAddress, BillingAddress, Email, PhoneNo) values (79, 'Linette', 'Gogie', '739 Waxwing Street', '574 Bultman Plaza', 'lgogie26@blogspot.com', '646-706-0752');
insert into Customers (CustomerID, FirstName, LastName, DeliveryAddress, BillingAddress, Email, PhoneNo) values (80, 'Tyrus', 'Wretham', '3378 Sauthoff Alley', '21829 West Lane', 'twretham27@berkeley.edu', '453-894-8358');
insert into Customers (CustomerID, FirstName, LastName, DeliveryAddress, BillingAddress, Email, PhoneNo) values (81, 'Penny', 'Goldie', '92773 Quincy Trail', '23689 Fieldstone Avenue', 'pgoldie28@deviantart.com', '292-852-7370');
insert into Customers (CustomerID, FirstName, LastName, DeliveryAddress, BillingAddress, Email, PhoneNo) values (82, 'Osborne', 'Try', '8804 Mosinee Junction', '70 Merchant Terrace', 'otry29@addthis.com', '277-265-8423');
insert into Customers (CustomerID, FirstName, LastName, DeliveryAddress, BillingAddress, Email, PhoneNo) values (83, 'Arlan', 'Gaven', '71 Summer Ridge Way', '5 Nova Road', 'agaven2a@ucoz.ru', '292-772-0310');
insert into Customers (CustomerID, FirstName, LastName, DeliveryAddress, BillingAddress, Email, PhoneNo) values (84, 'Wolf', 'Ewbach', '1175 Victoria Park', '6039 Monterey Lane', 'wewbach2b@utexas.edu', '686-943-5288');
insert into Customers (CustomerID, FirstName, LastName, DeliveryAddress, BillingAddress, Email, PhoneNo) values (85, 'Alicia', 'Henric', '84 Quincy Drive', '650 7th Way', 'ahenric2c@pinterest.com', '372-518-4803');
insert into Customers (CustomerID, FirstName, LastName, DeliveryAddress, BillingAddress, Email, PhoneNo) values (86, 'Freddy', 'Wedlock', '39 Chinook Circle', '8 David Hill', 'fwedlock2d@columbia.edu', '462-956-6603');
insert into Customers (CustomerID, FirstName, LastName, DeliveryAddress, BillingAddress, Email, PhoneNo) values (87, 'Emmye', 'Neylan', '28596 8th Parkway', '47142 Hayes Crossing', 'eneylan2e@ed.gov', '241-529-8078');
insert into Customers (CustomerID, FirstName, LastName, DeliveryAddress, BillingAddress, Email, PhoneNo) values (88, 'Sophronia', 'Larvent', '697 Butterfield Lane', '41 Pine View Way', 'slarvent2f@yellowpages.com', '888-972-3177');
insert into Customers (CustomerID, FirstName, LastName, DeliveryAddress, BillingAddress, Email, PhoneNo) values (89, 'Dusty', 'Jirka', '62 Mendota Parkway', '27242 Maywood Terrace', 'djirka2g@comcast.net', '895-494-1202');
insert into Customers (CustomerID, FirstName, LastName, DeliveryAddress, BillingAddress, Email, PhoneNo) values (90, 'Casper', 'Tutton', '5549 Golf Course Alley', '91 Swallow Terrace', 'ctutton2h@merriam-webster.com', '397-170-7433');
insert into Customers (CustomerID, FirstName, LastName, DeliveryAddress, BillingAddress, Email, PhoneNo) values (91, 'Arne', 'Dellenty', '8 Derek Road', '87 Bunting Court', 'adellenty2i@pinterest.com', '287-846-8711');
insert into Customers (CustomerID, FirstName, LastName, DeliveryAddress, BillingAddress, Email, PhoneNo) values (92, 'Ham', 'Churchouse', '877 Elka Avenue', '38704 Novick Plaza', 'hchurchouse2j@zimbio.com', '864-512-4220');
insert into Customers (CustomerID, FirstName, LastName, DeliveryAddress, BillingAddress, Email, PhoneNo) values (93, 'Corinne', 'Regus', '77 Kropf Parkway', '073 Russell Point', 'cregus2k@mozilla.org', '367-691-7374');
insert into Customers (CustomerID, FirstName, LastName, DeliveryAddress, BillingAddress, Email, PhoneNo) values (94, 'Kelley', 'Laurencot', '51 Ridgeview Circle', '88 Grayhawk Park', 'klaurencot2l@nature.com', '901-130-2877');
insert into Customers (CustomerID, FirstName, LastName, DeliveryAddress, BillingAddress, Email, PhoneNo) values (95, 'Carlynne', 'Corking', '4641 Fordem Trail', '36 Everett Place', 'ccorking2m@typepad.com', '546-756-5685');
insert into Customers (CustomerID, FirstName, LastName, DeliveryAddress, BillingAddress, Email, PhoneNo) values (96, 'Lianne', 'Grandham', '5140 Mcbride Pass', '16097 Kennedy Park', 'lgrandham2n@discovery.com', '912-269-7676');
insert into Customers (CustomerID, FirstName, LastName, DeliveryAddress, BillingAddress, Email, PhoneNo) values (97, 'Russell', 'De Filippo', '6 Thompson Lane', '3 Lukken Place', 'rdefilippo2o@exblog.jp', '852-808-5255');
insert into Customers (CustomerID, FirstName, LastName, DeliveryAddress, BillingAddress, Email, PhoneNo) values (98, 'Maxie', 'Warret', '6 Village Green Street', '16328 Butterfield Lane', 'mwarret2p@google.nl', '450-187-3249');
insert into Customers (CustomerID, FirstName, LastName, DeliveryAddress, BillingAddress, Email, PhoneNo) values (99, 'Jaine', 'Bruton', '10534 Jay Pass', '5 Coolidge Street', 'jbruton2q@ifeng.com', '391-761-0105');
insert into Customers (CustomerID, FirstName, LastName, DeliveryAddress, BillingAddress, Email, PhoneNo) values (100, 'Rosella', 'Fluck', '93174 Esch Park', '64 Clyde Gallagher Drive', 'rfluck2r@simplemachines.org', '387-215-1115');

create table Staff (
	StaffID INT,
	FirstName VARCHAR(50),
	LastName VARCHAR(50),
	Address VARCHAR(50),
	Email VARCHAR(50),
	JobTitle VARCHAR(50),
	PhoneNo VARCHAR(50),
	DoB DATE,
	Salary INT,
	PRIMARY KEY (StaffID)
);
insert into Staff (StaffID, FirstName, LastName, Address, Email, JobTitle, PhoneNo, DoB, Salary) values (1, 'Maynard', 'Jiggins', '8 Anniversary Place', 'mjiggins0@cloudflare.com', 'Developer IV', '838-490-0585', '1962/07/25', 50000);
insert into Staff (StaffID, FirstName, LastName, Address, Email, JobTitle, PhoneNo, DoB, Salary) values (2, 'Lynde', 'Jaspar', '5 Goodland Lane', 'ljaspar1@surveymonkey.com', 'Human Resources Assistant II', '491-243-2392', '1996/08/16', 34000);
insert into Staff (StaffID, FirstName, LastName, Address, Email, JobTitle, PhoneNo, DoB, Salary) values (3, 'Alyssa', 'Senogles', '76791 Moose Junction', 'asenogles2@dagondesign.com', 'Geologist II', '103-403-2178', '1964/06/23', 51000);
insert into Staff (StaffID, FirstName, LastName, Address, Email, JobTitle, PhoneNo, DoB, Salary) values (4, 'Inger', 'Huzzey', '270 Forest Run Pass', 'ihuzzey3@epa.gov', 'VP Marketing', '874-830-3275', '1966/05/04', 26000);
insert into Staff (StaffID, FirstName, LastName, Address, Email, JobTitle, PhoneNo, DoB, Salary) values (5, 'Tricia', 'Dermott', '110 Onsgard Alley', 'tdermott4@omniture.com', 'Assistant Manager', '165-295-5629', '1992/06/20', 78000);
insert into Staff (StaffID, FirstName, LastName, Address, Email, JobTitle, PhoneNo, DoB, Salary) values (6, 'Valdemar', 'Dreye', '2 Tomscot Pass', 'vdreye5@uiuc.edu', 'Technical Writer', '631-185-1924', '1985/02/10', 92000);
insert into Staff (StaffID, FirstName, LastName, Address, Email, JobTitle, PhoneNo, DoB, Salary) values (7, 'Gerrard', 'Rhydderch', '1 Basil Avenue', 'grhydderch6@live.com', 'Media Manager II', '871-160-3346', '1943/06/12', 27000);
insert into Staff (StaffID, FirstName, LastName, Address, Email, JobTitle, PhoneNo, DoB, Salary) values (8, 'Patty', 'Matic', '12300 Delaware Parkway', 'pmatic7@so-net.ne.jp', 'Environmental Specialist', '486-801-7860', '1987/12/27', 32000);
insert into Staff (StaffID, FirstName, LastName, Address, Email, JobTitle, PhoneNo, DoB, Salary) values (9, 'Nickie', 'Dominick', '9 Loeprich Pass', 'ndominick8@163.com', 'VP Marketing', '677-711-9495', '1962/09/03', 32000);
insert into Staff (StaffID, FirstName, LastName, Address, Email, JobTitle, PhoneNo, DoB, Salary) values (10, 'Traci', 'Philbin', '344 Hollow Ridge Hill', 'tphilbin9@omniture.com', 'Internal Auditor', '489-335-8792', '1961/04/02', 46000);
insert into Staff (StaffID, FirstName, LastName, Address, Email, JobTitle, PhoneNo, DoB, Salary) values (11, 'Jasen', 'Freschi', '34 Grayhawk Place', 'jfreschia@fastcompany.com', 'Media Manager IV', '335-113-4126', '1995/10/07', 86000);
insert into Staff (StaffID, FirstName, LastName, Address, Email, JobTitle, PhoneNo, DoB, Salary) values (12, 'Annadiana', 'Brame', '15485 Delladonna Avenue', 'abrameb@ovh.net', 'Accounting Assistant III', '302-230-2783', '1964/10/17', 83000);
insert into Staff (StaffID, FirstName, LastName, Address, Email, JobTitle, PhoneNo, DoB, Salary) values (13, 'Edik', 'Arstall', '1 Lakeland Center', 'earstallc@house.gov', 'Systems Administrator II', '998-137-8745', '1980/08/01', 98000);
insert into Staff (StaffID, FirstName, LastName, Address, Email, JobTitle, PhoneNo, DoB, Salary) values (14, 'Bennie', 'Ashdown', '5350 Vidon Hill', 'bashdownd@about.me', 'VP Product Management', '509-856-4074', '1989/04/30', 43000);
insert into Staff (StaffID, FirstName, LastName, Address, Email, JobTitle, PhoneNo, DoB, Salary) values (15, 'Scot', 'Laugherane', '1382 Vermont Court', 'slaugheranee@skype.com', 'Chief Design Engineer', '504-131-5989', '1944/06/23', 37000);
insert into Staff (StaffID, FirstName, LastName, Address, Email, JobTitle, PhoneNo, DoB, Salary) values (16, 'Eldridge', 'Kibbey', '5 Grayhawk Park', 'ekibbeyf@stumbleupon.com', 'VP Marketing', '175-251-6644', '1989/04/07', 79000);
insert into Staff (StaffID, FirstName, LastName, Address, Email, JobTitle, PhoneNo, DoB, Salary) values (17, 'Alexandra', 'Fonso', '35309 Mifflin Parkway', 'afonsog@sfgate.com', 'Marketing Manager', '111-795-9400', '1943/07/16', 45000);
insert into Staff (StaffID, FirstName, LastName, Address, Email, JobTitle, PhoneNo, DoB, Salary) values (18, 'Harley', 'Audenis', '76924 Petterle Lane', 'haudenish@imdb.com', 'Account Executive', '141-184-7573', '1945/09/12', 98000);
insert into Staff (StaffID, FirstName, LastName, Address, Email, JobTitle, PhoneNo, DoB, Salary) values (19, 'Ruthann', 'Jikylls', '4 Coleman Parkway', 'rjikyllsi@blinklist.com', 'Geological Engineer', '336-472-5697', '1992/12/29', 28000);
insert into Staff (StaffID, FirstName, LastName, Address, Email, JobTitle, PhoneNo, DoB, Salary) values (20, 'Tobye', 'Greenside', '0190 Welch Parkway', 'tgreensidej@amazon.co.uk', 'Graphic Designer', '375-603-3056', '1977/10/19', 34000);
insert into Staff (StaffID, FirstName, LastName, Address, Email, JobTitle, PhoneNo, DoB, Salary) values (21, 'Lucio', 'Clewer', '4936 Londonderry Pass', 'lclewerk@miibeian.gov.cn', 'Recruiting Manager', '106-174-2161', '1960/05/28', 16000);
insert into Staff (StaffID, FirstName, LastName, Address, Email, JobTitle, PhoneNo, DoB, Salary) values (22, 'Marybelle', 'Foukx', '268 Vermont Lane', 'mfoukxl@mac.com', 'Business Systems Development Analyst', '758-664-4541', '1969/04/19', 95000);
insert into Staff (StaffID, FirstName, LastName, Address, Email, JobTitle, PhoneNo, DoB, Salary) values (23, 'Luce', 'Benterman', '41 Bultman Lane', 'lbentermanm@fastcompany.com', 'Sales Associate', '533-424-5211', '2002/10/11', 37000);
insert into Staff (StaffID, FirstName, LastName, Address, Email, JobTitle, PhoneNo, DoB, Salary) values (24, 'Lilia', 'MacIlraith', '7659 Tomscot Center', 'lmacilraithn@howstuffworks.com', 'Programmer III', '175-450-8943', '2000/11/12', 40000);
insert into Staff (StaffID, FirstName, LastName, Address, Email, JobTitle, PhoneNo, DoB, Salary) values (25, 'Waverley', 'Hillatt', '9583 Gateway Lane', 'whillatto@princeton.edu', 'Web Designer I', '665-820-5792', '1967/02/07', 23000);
insert into Staff (StaffID, FirstName, LastName, Address, Email, JobTitle, PhoneNo, DoB, Salary) values (26, 'Josephine', 'Fitzgerald', '7928 Chinook Court', 'jfitzgeraldp@time.com', 'Editor', '570-516-8824', '1952/12/21', 58000);
insert into Staff (StaffID, FirstName, LastName, Address, Email, JobTitle, PhoneNo, DoB, Salary) values (27, 'Brigid', 'Cornelissen', '8001 Lakewood Gardens Junction', 'bcornelissenq@scribd.com', 'Health Coach III', '950-936-2426', '1953/07/29', 86000);
insert into Staff (StaffID, FirstName, LastName, Address, Email, JobTitle, PhoneNo, DoB, Salary) values (28, 'Carolee', 'Hendin', '5 Fair Oaks Circle', 'chendinr@instagram.com', 'Marketing Manager', '816-329-7941', '1953/08/17', 52000);
insert into Staff (StaffID, FirstName, LastName, Address, Email, JobTitle, PhoneNo, DoB, Salary) values (29, 'Stanwood', 'Cornbell', '0 Northwestern Plaza', 'scornbells@google.com.au', 'Accountant I', '459-509-5452', '1963/07/22', 68000);
insert into Staff (StaffID, FirstName, LastName, Address, Email, JobTitle, PhoneNo, DoB, Salary) values (30, 'Petey', 'Dunster', '958 Bunker Hill Court', 'pdunstert@wordpress.org', 'Occupational Therapist', '786-869-4844', '1965/12/07', 35000);
insert into Staff (StaffID, FirstName, LastName, Address, Email, JobTitle, PhoneNo, DoB, Salary) values (31, 'Laurianne', 'Hartford', '5775 Dennis Way', 'lhartfordu@yandex.ru', 'Food Chemist', '715-635-1665', '2003/03/11', 18000);
insert into Staff (StaffID, FirstName, LastName, Address, Email, JobTitle, PhoneNo, DoB, Salary) values (32, 'Christoffer', 'Clowney', '11 Prairie Rose Plaza', 'cclowneyv@blogs.com', 'Engineer III', '601-311-6643', '1965/12/28', 20000);
insert into Staff (StaffID, FirstName, LastName, Address, Email, JobTitle, PhoneNo, DoB, Salary) values (33, 'Artie', 'Sutor', '03 Sloan Center', 'asutorw@last.fm', 'General Manager', '338-838-0394', '1985/02/15', 74000);
insert into Staff (StaffID, FirstName, LastName, Address, Email, JobTitle, PhoneNo, DoB, Salary) values (34, 'Bel', 'Scawton', '28013 Shoshone Street', 'bscawtonx@vinaora.com', 'Registered Nurse', '343-413-0876', '1964/01/17', 66000);
insert into Staff (StaffID, FirstName, LastName, Address, Email, JobTitle, PhoneNo, DoB, Salary) values (35, 'Costanza', 'Kunz', '46905 Talmadge Lane', 'ckunzy@twitter.com', 'Software Engineer IV', '621-806-6994', '1961/07/01', 16000);
insert into Staff (StaffID, FirstName, LastName, Address, Email, JobTitle, PhoneNo, DoB, Salary) values (36, 'Alec', 'Scothron', '9679 Elmside Avenue', 'ascothronz@paypal.com', 'Research Associate', '464-384-1384', '1985/08/14', 50000);
insert into Staff (StaffID, FirstName, LastName, Address, Email, JobTitle, PhoneNo, DoB, Salary) values (37, 'Melania', 'Durbann', '4 Mallory Way', 'mdurbann10@dmoz.org', 'VP Quality Control', '651-391-9070', '1977/10/06', 43000);
insert into Staff (StaffID, FirstName, LastName, Address, Email, JobTitle, PhoneNo, DoB, Salary) values (38, 'Alaine', 'Rahlof', '36400 Gerald Trail', 'arahlof11@netvibes.com', 'Senior Financial Analyst', '267-154-6160', '1981/12/30', 75000);
insert into Staff (StaffID, FirstName, LastName, Address, Email, JobTitle, PhoneNo, DoB, Salary) values (39, 'Joaquin', 'Cullabine', '97 High Crossing Crossing', 'jcullabine12@printfriendly.com', 'Biostatistician I', '940-717-3746', '1964/12/05', 49000);
insert into Staff (StaffID, FirstName, LastName, Address, Email, JobTitle, PhoneNo, DoB, Salary) values (40, 'Agosto', 'Ashpole', '00 4th Center', 'aashpole13@canalblog.com', 'Professor', '264-566-9001', '1951/01/03', 67000);
insert into Staff (StaffID, FirstName, LastName, Address, Email, JobTitle, PhoneNo, DoB, Salary) values (41, 'Tori', 'Woodman', '668 Dovetail Way', 'twoodman14@ucoz.com', 'Chief Design Engineer', '219-624-2463', '1973/11/03', 67000);
insert into Staff (StaffID, FirstName, LastName, Address, Email, JobTitle, PhoneNo, DoB, Salary) values (42, 'Rutter', 'Bacop', '2801 Pond Terrace', 'rbacop15@vistaprint.com', 'Health Coach I', '727-724-8527', '1956/05/28', 29000);
insert into Staff (StaffID, FirstName, LastName, Address, Email, JobTitle, PhoneNo, DoB, Salary) values (43, 'Talia', 'Diable', '910 Gerald Center', 'tdiable16@wix.com', 'Software Consultant', '970-778-6368', '1998/12/12', 48000);
insert into Staff (StaffID, FirstName, LastName, Address, Email, JobTitle, PhoneNo, DoB, Salary) values (44, 'Jaquelin', 'Freeburn', '9133 Corry Point', 'jfreeburn17@fastcompany.com', 'Recruiting Manager', '940-585-5530', '2003/08/06', 56000);
insert into Staff (StaffID, FirstName, LastName, Address, Email, JobTitle, PhoneNo, DoB, Salary) values (45, 'Kay', 'Ingre', '751 Everett Center', 'kingre18@foxnews.com', 'Information Systems Manager', '741-715-1906', '1976/08/24', 16000);
insert into Staff (StaffID, FirstName, LastName, Address, Email, JobTitle, PhoneNo, DoB, Salary) values (46, 'Crosby', 'Pimlott', '382 7th Drive', 'cpimlott19@miitbeian.gov.cn', 'Marketing Manager', '576-402-6389', '1976/01/01', 71000);
insert into Staff (StaffID, FirstName, LastName, Address, Email, JobTitle, PhoneNo, DoB, Salary) values (47, 'Joellyn', 'Esselen', '0227 Gale Place', 'jesselen1a@g.co', 'Senior Quality Engineer', '409-826-7965', '1982/09/27', 54000);
insert into Staff (StaffID, FirstName, LastName, Address, Email, JobTitle, PhoneNo, DoB, Salary) values (48, 'Ross', 'Postlewhite', '4425 Garrison Point', 'rpostlewhite1b@noaa.gov', 'Marketing Manager', '799-874-1450', '1968/08/03', 21000);
insert into Staff (StaffID, FirstName, LastName, Address, Email, JobTitle, PhoneNo, DoB, Salary) values (49, 'Brew', 'Sambell', '75 Mayer Crossing', 'bsambell1c@ustream.tv', 'Librarian', '937-900-2720', '1942/01/31', 79000);
insert into Staff (StaffID, FirstName, LastName, Address, Email, JobTitle, PhoneNo, DoB, Salary) values (50, 'Leola', 'Deesly', '04 Briar Crest Street', 'ldeesly1d@scribd.com', 'Web Developer II', '622-166-3535', '1985/01/19', 22000);
insert into Staff (StaffID, FirstName, LastName, Address, Email, JobTitle, PhoneNo, DoB, Salary) values (51, 'Beatrix', 'Griffe', '9 Karstens Way', 'bgriffe1e@earthlink.net', 'Environmental Tech', '579-389-8267', '1945/01/23', 81000);
insert into Staff (StaffID, FirstName, LastName, Address, Email, JobTitle, PhoneNo, DoB, Salary) values (52, 'Wilma', 'Ragge', '094 Acker Terrace', 'wragge1f@google.it', 'Help Desk Technician', '509-988-6534', '1994/04/15', 39000);
insert into Staff (StaffID, FirstName, LastName, Address, Email, JobTitle, PhoneNo, DoB, Salary) values (53, 'Antonio', 'Polley', '7 Buhler Street', 'apolley1g@marriott.com', 'Analog Circuit Design manager', '290-315-8050', '2002/07/02', 18000);
insert into Staff (StaffID, FirstName, LastName, Address, Email, JobTitle, PhoneNo, DoB, Salary) values (54, 'Lamond', 'Goutcher', '8 Coolidge Court', 'lgoutcher1h@pinterest.com', 'Account Executive', '920-111-2513', '1982/04/19', 93000);
insert into Staff (StaffID, FirstName, LastName, Address, Email, JobTitle, PhoneNo, DoB, Salary) values (55, 'Elyssa', 'Dawes', '0730 Mcguire Avenue', 'edawes1i@mapquest.com', 'Recruiter', '431-970-9900', '1954/01/07', 25000);
insert into Staff (StaffID, FirstName, LastName, Address, Email, JobTitle, PhoneNo, DoB, Salary) values (56, 'Free', 'Dallmann', '69 Portage Trail', 'fdallmann1j@who.int', 'Speech Pathologist', '487-961-2051', '1988/06/30', 18000);
insert into Staff (StaffID, FirstName, LastName, Address, Email, JobTitle, PhoneNo, DoB, Salary) values (57, 'Faustine', 'Walburn', '03 Kenwood Avenue', 'fwalburn1k@nps.gov', 'Research Assistant II', '531-930-3559', '1996/01/08', 81000);
insert into Staff (StaffID, FirstName, LastName, Address, Email, JobTitle, PhoneNo, DoB, Salary) values (58, 'Kenna', 'Beachem', '7 Havey Lane', 'kbeachem1l@google.pl', 'Sales Representative', '782-845-4716', '1977/08/30', 25000);
insert into Staff (StaffID, FirstName, LastName, Address, Email, JobTitle, PhoneNo, DoB, Salary) values (59, 'Leila', 'Seligson', '6205 Petterle Junction', 'lseligson1m@bluehost.com', 'Research Assistant II', '791-728-6010', '1986/11/30', 28000);
insert into Staff (StaffID, FirstName, LastName, Address, Email, JobTitle, PhoneNo, DoB, Salary) values (60, 'Katharina', 'Simister', '67 Grayhawk Court', 'ksimister1n@github.com', 'Senior Financial Analyst', '877-109-2432', '1966/02/16', 63000);
insert into Staff (StaffID, FirstName, LastName, Address, Email, JobTitle, PhoneNo, DoB, Salary) values (61, 'Wyatan', 'Upham', '0 Aberg Court', 'wupham1o@tiny.cc', 'Structural Analysis Engineer', '624-873-7114', '1994/12/17', 91000);
insert into Staff (StaffID, FirstName, LastName, Address, Email, JobTitle, PhoneNo, DoB, Salary) values (62, 'Matti', 'O''Keefe', '2 Hermina Point', 'mokeefe1p@wisc.edu', 'Environmental Tech', '145-674-4115', '1964/12/20', 95000);
insert into Staff (StaffID, FirstName, LastName, Address, Email, JobTitle, PhoneNo, DoB, Salary) values (63, 'Sigmund', 'Coghill', '716 Farwell Junction', 'scoghill1q@kickstarter.com', 'Professor', '756-704-9801', '1957/11/14', 47000);
insert into Staff (StaffID, FirstName, LastName, Address, Email, JobTitle, PhoneNo, DoB, Salary) values (64, 'Lelah', 'Brevitt', '6617 Alpine Pass', 'lbrevitt1r@sbwire.com', 'Environmental Tech', '602-754-2419', '1967/03/06', 38000);
insert into Staff (StaffID, FirstName, LastName, Address, Email, JobTitle, PhoneNo, DoB, Salary) values (65, 'Rebeka', 'Vossgen', '19526 Holmberg Avenue', 'rvossgen1s@scientificamerican.com', 'Senior Sales Associate', '506-492-0141', '1948/03/03', 57000);
insert into Staff (StaffID, FirstName, LastName, Address, Email, JobTitle, PhoneNo, DoB, Salary) values (66, 'Shoshanna', 'holmes', '73 Northridge Trail', 'sholmes1t@surveymonkey.com', 'Assistant Manager', '515-472-5640', '1998/12/26', 87000);
insert into Staff (StaffID, FirstName, LastName, Address, Email, JobTitle, PhoneNo, DoB, Salary) values (67, 'Thea', 'Lovelady', '67150 Caliangt Court', 'tlovelady1u@friendfeed.com', 'Research Nurse', '449-562-8720', '1979/10/18', 86000);
insert into Staff (StaffID, FirstName, LastName, Address, Email, JobTitle, PhoneNo, DoB, Salary) values (68, 'Lynnelle', 'Lantry', '8755 Sunfield Plaza', 'llantry1v@narod.ru', 'Civil Engineer', '512-173-7809', '1985/10/12', 81000);
insert into Staff (StaffID, FirstName, LastName, Address, Email, JobTitle, PhoneNo, DoB, Salary) values (69, 'Elnore', 'Ledley', '824 Corben Hill', 'eledley1w@ning.com', 'Chief Design Engineer', '202-820-7473', '1948/12/19', 33000);
insert into Staff (StaffID, FirstName, LastName, Address, Email, JobTitle, PhoneNo, DoB, Salary) values (70, 'Sansone', 'Edington', '673 Bunting Avenue', 'sedington1x@behance.net', 'Staff Accountant III', '935-570-2181', '1945/09/10', 48000);
insert into Staff (StaffID, FirstName, LastName, Address, Email, JobTitle, PhoneNo, DoB, Salary) values (71, 'Tarrance', 'Botley', '6 Packers Court', 'tbotley1y@chron.com', 'Teacher', '560-115-6437', '1942/12/19', 71000);
insert into Staff (StaffID, FirstName, LastName, Address, Email, JobTitle, PhoneNo, DoB, Salary) values (72, 'Winonah', 'Crecy', '6792 Fieldstone Hill', 'wcrecy1z@boston.com', 'Nurse Practicioner', '158-861-1675', '1971/06/20', 74000);
insert into Staff (StaffID, FirstName, LastName, Address, Email, JobTitle, PhoneNo, DoB, Salary) values (73, 'Jennilee', 'Lujan', '91745 Badeau Road', 'jlujan20@devhub.com', 'Analyst Programmer', '820-760-4617', '1995/07/10', 94000);
insert into Staff (StaffID, FirstName, LastName, Address, Email, JobTitle, PhoneNo, DoB, Salary) values (74, 'Efren', 'Carloni', '95502 Maryland Alley', 'ecarloni21@hibu.com', 'Software Consultant', '182-759-2903', '1998/06/30', 38000);
insert into Staff (StaffID, FirstName, LastName, Address, Email, JobTitle, PhoneNo, DoB, Salary) values (75, 'Andreana', 'Cookney', '8 Kedzie Place', 'acookney22@go.com', 'Biostatistician III', '394-745-9168', '1948/02/11', 53000);
insert into Staff (StaffID, FirstName, LastName, Address, Email, JobTitle, PhoneNo, DoB, Salary) values (76, 'Damon', 'Alenichicov', '7441 Norway Maple Way', 'dalenichicov23@si.edu', 'Statistician IV', '147-918-9250', '1975/07/27', 30000);
insert into Staff (StaffID, FirstName, LastName, Address, Email, JobTitle, PhoneNo, DoB, Salary) values (77, 'Michaela', 'Radmore', '072 Di Loreto Hill', 'mradmore24@cam.ac.uk', 'Programmer Analyst I', '679-470-4186', '1954/09/11', 84000);
insert into Staff (StaffID, FirstName, LastName, Address, Email, JobTitle, PhoneNo, DoB, Salary) values (78, 'Dane', 'Dwyr', '5817 Amoth Point', 'ddwyr25@ed.gov', 'Recruiter', '770-956-8845', '1973/11/21', 58000);
insert into Staff (StaffID, FirstName, LastName, Address, Email, JobTitle, PhoneNo, DoB, Salary) values (79, 'Rurik', 'Sponton', '4 Schiller Lane', 'rsponton26@csmonitor.com', 'Compensation Analyst', '653-668-7794', '2004/07/06', 49000);
insert into Staff (StaffID, FirstName, LastName, Address, Email, JobTitle, PhoneNo, DoB, Salary) values (80, 'Forrest', 'Atyeo', '004 Little Fleur Terrace', 'fatyeo27@eventbrite.com', 'Nurse', '965-999-1104', '1972/06/24', 60000);
insert into Staff (StaffID, FirstName, LastName, Address, Email, JobTitle, PhoneNo, DoB, Salary) values (81, 'Florette', 'Murgatroyd', '08627 Meadow Valley Plaza', 'fmurgatroyd28@canalblog.com', 'Nuclear Power Engineer', '985-474-9780', '2001/04/29', 69000);
insert into Staff (StaffID, FirstName, LastName, Address, Email, JobTitle, PhoneNo, DoB, Salary) values (82, 'Morry', 'Twatt', '325 Grover Place', 'mtwatt29@slideshare.net', 'Environmental Specialist', '963-591-7660', '1981/07/18', 100000);
insert into Staff (StaffID, FirstName, LastName, Address, Email, JobTitle, PhoneNo, DoB, Salary) values (83, 'Winni', 'Antunes', '04 Ohio Center', 'wantunes2a@nsw.gov.au', 'General Manager', '406-854-2952', '1984/06/25', 60000);
insert into Staff (StaffID, FirstName, LastName, Address, Email, JobTitle, PhoneNo, DoB, Salary) values (84, 'Boone', 'Puller', '6 Knutson Way', 'bpuller2b@cmu.edu', 'Chief Design Engineer', '571-534-9512', '1980/04/07', 51000);
insert into Staff (StaffID, FirstName, LastName, Address, Email, JobTitle, PhoneNo, DoB, Salary) values (85, 'Miranda', 'Fayerman', '6278 Crescent Oaks Alley', 'mfayerman2c@sourceforge.net', 'Senior Sales Associate', '524-698-8958', '1959/04/02', 43000);
insert into Staff (StaffID, FirstName, LastName, Address, Email, JobTitle, PhoneNo, DoB, Salary) values (86, 'Alano', 'Oppy', '48 Kedzie Road', 'aoppy2d@army.mil', 'Geologist IV', '989-145-7442', '1963/06/27', 20000);
insert into Staff (StaffID, FirstName, LastName, Address, Email, JobTitle, PhoneNo, DoB, Salary) values (87, 'Christyna', 'Anan', '0063 Dapin Trail', 'canan2e@senate.gov', 'Technical Writer', '456-412-7923', '1980/04/29', 95000);
insert into Staff (StaffID, FirstName, LastName, Address, Email, JobTitle, PhoneNo, DoB, Salary) values (88, 'Tasha', 'Fyldes', '6 Pepper Wood Road', 'tfyldes2f@hao123.com', 'Quality Engineer', '173-598-7815', '1940/11/05', 25000);
insert into Staff (StaffID, FirstName, LastName, Address, Email, JobTitle, PhoneNo, DoB, Salary) values (89, 'Julio', 'Lindmark', '5435 Bunting Way', 'jlindmark2g@vistaprint.com', 'Statistician IV', '792-948-7426', '1949/03/11', 45000);
insert into Staff (StaffID, FirstName, LastName, Address, Email, JobTitle, PhoneNo, DoB, Salary) values (90, 'Elwira', 'Gregory', '5 Maywood Way', 'egregory2h@a8.net', 'Senior Editor', '600-437-6537', '1985/05/30', 59000);
insert into Staff (StaffID, FirstName, LastName, Address, Email, JobTitle, PhoneNo, DoB, Salary) values (91, 'Ezequiel', 'Hellings', '81174 Caliangt Trail', 'ehellings2i@irs.gov', 'Systems Administrator IV', '297-390-6123', '1996/01/27', 80000);
insert into Staff (StaffID, FirstName, LastName, Address, Email, JobTitle, PhoneNo, DoB, Salary) values (92, 'Nester', 'Orrett', '40396 Cardinal Drive', 'norrett2j@tumblr.com', 'Marketing Manager', '539-813-7165', '2002/10/05', 39000);
insert into Staff (StaffID, FirstName, LastName, Address, Email, JobTitle, PhoneNo, DoB, Salary) values (93, 'Donavon', 'Vallentine', '5566 Commercial Road', 'dvallentine2k@irs.gov', 'Media Manager II', '902-934-2908', '1943/01/11', 65000);
insert into Staff (StaffID, FirstName, LastName, Address, Email, JobTitle, PhoneNo, DoB, Salary) values (94, 'Elwin', 'Boom', '99 Surrey Pass', 'eboom2l@homestead.com', 'Senior Quality Engineer', '494-641-2877', '2001/07/08', 39000);
insert into Staff (StaffID, FirstName, LastName, Address, Email, JobTitle, PhoneNo, DoB, Salary) values (95, 'Evangelia', 'Wadhams', '4 Buena Vista Crossing', 'ewadhams2m@surveymonkey.com', 'Developer II', '548-558-0537', '1946/07/01', 31000);
insert into Staff (StaffID, FirstName, LastName, Address, Email, JobTitle, PhoneNo, DoB, Salary) values (96, 'Duke', 'Conerding', '53766 Debs Lane', 'dconerding2n@ucoz.com', 'Senior Cost Accountant', '339-907-1866', '1979/11/30', 27000);
insert into Staff (StaffID, FirstName, LastName, Address, Email, JobTitle, PhoneNo, DoB, Salary) values (97, 'Mic', 'Walton', '8 Lindbergh Drive', 'mwalton2o@ftc.gov', 'Environmental Specialist', '506-175-2981', '1990/05/15', 53000);
insert into Staff (StaffID, FirstName, LastName, Address, Email, JobTitle, PhoneNo, DoB, Salary) values (98, 'Willetta', 'Spickett', '6335 Tomscot Crossing', 'wspickett2p@marketwatch.com', 'Legal Assistant', '345-838-8242', '1979/06/04', 96000);
insert into Staff (StaffID, FirstName, LastName, Address, Email, JobTitle, PhoneNo, DoB, Salary) values (99, 'Ronnie', 'Sudddard', '0 Reinke Place', 'rsudddard2q@mysql.com', 'Physical Therapy Assistant', '148-829-9434', '2002/02/18', 49000);
insert into Staff (StaffID, FirstName, LastName, Address, Email, JobTitle, PhoneNo, DoB, Salary) values (100, 'Gay', 'Stutely', '14 Little Fleur Avenue', 'gstutely2r@drupal.org', 'Assistant Professor', '718-574-5131', '1980/05/05', 79000);

create table Suppliers (
	SupplierID INT,
	Name VARCHAR(50),
	Address VARCHAR(50),
	Email VARCHAR(50),
	PhoneNo VARCHAR(50),
	PRIMARY KEY (SupplierID)
);
insert into Suppliers (SupplierID, Name, Address, Email, PhoneNo) values (1, 'Muller, Hilll and Koch', '390 Clyde Gallagher Street', 'rfanstone0@rediff.com', '651-993-9284');
insert into Suppliers (SupplierID, Name, Address, Email, PhoneNo) values (2, 'Nikolaus Inc', '7 John Wall Center', 'ngooddy1@facebook.com', '265-492-6051');
insert into Suppliers (SupplierID, Name, Address, Email, PhoneNo) values (3, 'Dach Inc', '8311 Nelson Avenue', 'vyurkiewicz2@forbes.com', '643-220-6703');
insert into Suppliers (SupplierID, Name, Address, Email, PhoneNo) values (4, 'Trantow-Hettinger', '3456 Daystar Center', 'acraine3@wordpress.org', '743-906-9397');
insert into Suppliers (SupplierID, Name, Address, Email, PhoneNo) values (5, 'Kshlerin, Jaskolski and Schroeder', '7584 Arizona Junction', 'vlitterick4@theguardian.com', '815-424-7953');
insert into Suppliers (SupplierID, Name, Address, Email, PhoneNo) values (6, 'Marks-Thompson', '66 3rd Center', 'pstener5@wsj.com', '724-572-0432');
insert into Suppliers (SupplierID, Name, Address, Email, PhoneNo) values (7, 'Jerde LLC', '7946 Ruskin Trail', 'mmackenzie6@cdc.gov', '163-894-6441');
insert into Suppliers (SupplierID, Name, Address, Email, PhoneNo) values (8, 'Collier LLC', '03 Colorado Lane', 'gmcgillacoell7@samsung.com', '109-114-5311');
insert into Suppliers (SupplierID, Name, Address, Email, PhoneNo) values (9, 'Christiansen, Renner and Lindgren', '764 Carberry Way', 'ckepling8@furl.net', '859-960-2963');
insert into Suppliers (SupplierID, Name, Address, Email, PhoneNo) values (10, 'Reichel, Wisoky and Tremblay', '7798 Old Shore Lane', 'hlazenby9@yandex.ru', '951-971-7744');
insert into Suppliers (SupplierID, Name, Address, Email, PhoneNo) values (11, 'Larson, Marks and Hettinger', '15920 Rockefeller Drive', 'ddunphiea@123-reg.co.uk', '691-442-4846');
insert into Suppliers (SupplierID, Name, Address, Email, PhoneNo) values (12, 'Spinka LLC', '225 Corben Point', 'braglesb@bbb.org', '584-823-6177');
insert into Suppliers (SupplierID, Name, Address, Email, PhoneNo) values (13, 'Jast Inc', '9 Bunker Hill Plaza', 'bmapotherc@europa.eu', '137-537-8864');
insert into Suppliers (SupplierID, Name, Address, Email, PhoneNo) values (14, 'Kertzmann Inc', '8 David Center', 'kminuccid@bloomberg.com', '734-419-4460');
insert into Suppliers (SupplierID, Name, Address, Email, PhoneNo) values (15, 'Ullrich-Schuster', '9 Cordelia Way', 'nreedere@indiatimes.com', '879-795-8998');
insert into Suppliers (SupplierID, Name, Address, Email, PhoneNo) values (16, 'Rosenbaum and Sons', '34 Hudson Hill', 'ikachf@google.ca', '919-299-9079');
insert into Suppliers (SupplierID, Name, Address, Email, PhoneNo) values (17, 'Gutkowski and Sons', '6 Mockingbird Center', 'lfaltskogg@jalbum.net', '304-509-7245');
insert into Suppliers (SupplierID, Name, Address, Email, PhoneNo) values (18, 'Ernser-Kuvalis', '8 Riverside Drive', 'fcorberth@about.me', '354-665-4810');
insert into Suppliers (SupplierID, Name, Address, Email, PhoneNo) values (19, 'Cormier, Tromp and Schmeler', '76673 Tomscot Center', 'cpetrinai@linkedin.com', '801-863-7272');
insert into Suppliers (SupplierID, Name, Address, Email, PhoneNo) values (20, 'Reichel Inc', '74 Superior Way', 'wdimelowj@hhs.gov', '897-445-5512');
insert into Suppliers (SupplierID, Name, Address, Email, PhoneNo) values (21, 'Rohan and Sons', '861 Lighthouse Bay Point', 'nmeldingk@statcounter.com', '829-406-3282');
insert into Suppliers (SupplierID, Name, Address, Email, PhoneNo) values (22, 'Lemke-Morar', '3114 Pawling Park', 'imactavishl@psu.edu', '687-832-7907');
insert into Suppliers (SupplierID, Name, Address, Email, PhoneNo) values (23, 'Toy Group', '3387 Bunting Court', 'rlabordem@nsw.gov.au', '410-430-0011');
insert into Suppliers (SupplierID, Name, Address, Email, PhoneNo) values (24, 'Klein Group', '8413 Harper Park', 'eeytonn@alibaba.com', '396-644-8224');
insert into Suppliers (SupplierID, Name, Address, Email, PhoneNo) values (25, 'Bauch and Sons', '80 Knutson Road', 'dmcglaudo@china.com.cn', '701-422-2740');
insert into Suppliers (SupplierID, Name, Address, Email, PhoneNo) values (26, 'Dietrich LLC', '16 Independence Drive', 'sarmfieldp@upenn.edu', '236-650-5123');
insert into Suppliers (SupplierID, Name, Address, Email, PhoneNo) values (27, 'Jacobson, Heller and Hahn', '5142 Iowa Plaza', 'tmelloyq@prlog.org', '643-131-8765');
insert into Suppliers (SupplierID, Name, Address, Email, PhoneNo) values (28, 'O''Hara LLC', '05 Norway Maple Plaza', 'cgrimmolbyr@census.gov', '499-254-1034');
insert into Suppliers (SupplierID, Name, Address, Email, PhoneNo) values (29, 'Haley, Crona and Runte', '9 Hazelcrest Drive', 'zbresnens@unblog.fr', '841-206-5101');
insert into Suppliers (SupplierID, Name, Address, Email, PhoneNo) values (30, 'Johns-Aufderhar', '5 La Follette Trail', 'ayousont@redcross.org', '811-345-4367');
insert into Suppliers (SupplierID, Name, Address, Email, PhoneNo) values (31, 'Sauer, Cummings and Barton', '90 Drewry Alley', 'myushkovu@123-reg.co.uk', '343-428-7847');
insert into Suppliers (SupplierID, Name, Address, Email, PhoneNo) values (32, 'Barton Inc', '5512 Victoria Court', 'cbarghv@census.gov', '233-732-2272');
insert into Suppliers (SupplierID, Name, Address, Email, PhoneNo) values (33, 'Roberts, Cremin and MacGyver', '6361 Sunnyside Crossing', 'dyakuntsovw@umich.edu', '503-406-8195');
insert into Suppliers (SupplierID, Name, Address, Email, PhoneNo) values (34, 'Price, Crist and Rau', '62 Hazelcrest Center', 'aayerx@who.int', '860-602-3316');
insert into Suppliers (SupplierID, Name, Address, Email, PhoneNo) values (35, 'Schmitt Group', '310 Barnett Park', 'rmannoochy@wisc.edu', '277-680-5234');
insert into Suppliers (SupplierID, Name, Address, Email, PhoneNo) values (36, 'Fahey, Hyatt and Stoltenberg', '06 Northwestern Drive', 'rnapperz@plala.or.jp', '679-994-2466');
insert into Suppliers (SupplierID, Name, Address, Email, PhoneNo) values (37, 'Tillman, Gulgowski and Romaguera', '01 Delaware Park', 'smielnik10@com.com', '205-947-0660');
insert into Suppliers (SupplierID, Name, Address, Email, PhoneNo) values (38, 'Fritsch-Bogisich', '5663 Ramsey Plaza', 'arecke11@livejournal.com', '506-516-3632');
insert into Suppliers (SupplierID, Name, Address, Email, PhoneNo) values (39, 'Stehr, Mosciski and Mraz', '6 Jackson Terrace', 'aflancinbaum12@4shared.com', '534-179-7230');
insert into Suppliers (SupplierID, Name, Address, Email, PhoneNo) values (40, 'Wunsch, Collier and Mann', '9 Elmside Center', 'abergeau13@dailymotion.com', '257-443-2861');
insert into Suppliers (SupplierID, Name, Address, Email, PhoneNo) values (41, 'Sipes Group', '8 Bunting Court', 'cbinney14@reverbnation.com', '805-881-8772');
insert into Suppliers (SupplierID, Name, Address, Email, PhoneNo) values (42, 'Torphy, Schinner and Funk', '8 Lawn Plaza', 'kpridgeon15@123-reg.co.uk', '686-366-1982');
insert into Suppliers (SupplierID, Name, Address, Email, PhoneNo) values (43, 'McGlynn-Bergnaum', '9 Mandrake Pass', 'dwheadon16@yellowbook.com', '424-898-6173');
insert into Suppliers (SupplierID, Name, Address, Email, PhoneNo) values (44, 'Ledner-Beatty', '929 Algoma Avenue', 'ubeine17@bbc.co.uk', '292-401-7169');
insert into Suppliers (SupplierID, Name, Address, Email, PhoneNo) values (45, 'Kovacek and Sons', '7 Marquette Court', 'kbartolini18@independent.co.uk', '785-138-9283');
insert into Suppliers (SupplierID, Name, Address, Email, PhoneNo) values (46, 'Reichert, Batz and Kunde', '4 Mccormick Terrace', 'alampart19@topsy.com', '364-921-7451');
insert into Suppliers (SupplierID, Name, Address, Email, PhoneNo) values (47, 'Conroy Inc', '458 Knutson Way', 'wohanvey1a@usgs.gov', '453-196-5649');
insert into Suppliers (SupplierID, Name, Address, Email, PhoneNo) values (48, 'Renner-Bradtke', '2055 Cambridge Lane', 'pneeson1b@ow.ly', '837-204-7939');
insert into Suppliers (SupplierID, Name, Address, Email, PhoneNo) values (49, 'Gottlieb LLC', '45 Morningstar Point', 'scarryer1c@yale.edu', '132-612-4370');
insert into Suppliers (SupplierID, Name, Address, Email, PhoneNo) values (50, 'Hammes, Dare and Lubowitz', '601 Dayton Lane', 'celsom1d@theguardian.com', '736-966-7022');
insert into Suppliers (SupplierID, Name, Address, Email, PhoneNo) values (51, 'Kozey Group', '24414 Blaine Hill', 'mstiggers1e@networkadvertising.org', '804-790-9998');
insert into Suppliers (SupplierID, Name, Address, Email, PhoneNo) values (52, 'Hammes-Schoen', '95079 Valley Edge Lane', 'lyitzhakov1f@telegraph.co.uk', '950-581-1970');
insert into Suppliers (SupplierID, Name, Address, Email, PhoneNo) values (53, 'Wiza LLC', '479 Havey Road', 'fdiggles1g@taobao.com', '782-759-9831');
insert into Suppliers (SupplierID, Name, Address, Email, PhoneNo) values (54, 'Lindgren-Medhurst', '0 Sherman Lane', 'mhearnshaw1h@cbslocal.com', '444-397-0186');
insert into Suppliers (SupplierID, Name, Address, Email, PhoneNo) values (55, 'Kutch-Wiza', '40 Shopko Circle', 'rburleton1i@gnu.org', '403-733-0535');
insert into Suppliers (SupplierID, Name, Address, Email, PhoneNo) values (56, 'Schamberger-King', '9 Colorado Alley', 'tbarrett1j@cloudflare.com', '742-753-6961');
insert into Suppliers (SupplierID, Name, Address, Email, PhoneNo) values (57, 'Ortiz, Weissnat and Barrows', '97408 Lawn Court', 'bglason1k@t-online.de', '125-863-7126');
insert into Suppliers (SupplierID, Name, Address, Email, PhoneNo) values (58, 'Lubowitz and Sons', '2 Basil Terrace', 'srappaport1l@issuu.com', '831-197-2656');
insert into Suppliers (SupplierID, Name, Address, Email, PhoneNo) values (59, 'Schuster Inc', '66 Carioca Hill', 'ajerams1m@imgur.com', '311-604-4938');
insert into Suppliers (SupplierID, Name, Address, Email, PhoneNo) values (60, 'Huel-Denesik', '0670 Monica Court', 'trainsdon1n@wisc.edu', '187-430-0694');
insert into Suppliers (SupplierID, Name, Address, Email, PhoneNo) values (61, 'Hansen-Schimmel', '3 Cody Pass', 'jbecerra1o@ask.com', '572-489-1823');
insert into Suppliers (SupplierID, Name, Address, Email, PhoneNo) values (62, 'Schmeler Group', '36974 Leroy Circle', 'fheadland1p@gizmodo.com', '655-382-6760');
insert into Suppliers (SupplierID, Name, Address, Email, PhoneNo) values (63, 'Walsh Inc', '7 Sage Avenue', 'jcrookes1q@bluehost.com', '211-699-0414');
insert into Suppliers (SupplierID, Name, Address, Email, PhoneNo) values (64, 'Hilpert-Treutel', '177 4th Junction', 'dmuffett1r@state.tx.us', '819-540-7625');
insert into Suppliers (SupplierID, Name, Address, Email, PhoneNo) values (65, 'Leuschke and Sons', '6132 Clove Trail', 'bfrazier1s@hao123.com', '559-522-2255');
insert into Suppliers (SupplierID, Name, Address, Email, PhoneNo) values (66, 'Rosenbaum-Heidenreich', '5032 Derek Court', 'jfindlow1t@mlb.com', '180-164-0273');
insert into Suppliers (SupplierID, Name, Address, Email, PhoneNo) values (67, 'Rogahn, Kshlerin and Kuhic', '66635 Vernon Hill', 'rsmithson1u@discuz.net', '998-973-5767');
insert into Suppliers (SupplierID, Name, Address, Email, PhoneNo) values (68, 'Torp-Kuhn', '6 Sunnyside Park', 'vmark1v@myspace.com', '908-276-9031');
insert into Suppliers (SupplierID, Name, Address, Email, PhoneNo) values (69, 'Konopelski, Herman and Kuphal', '38 Stuart Drive', 'ntallman1w@yale.edu', '964-290-2670');
insert into Suppliers (SupplierID, Name, Address, Email, PhoneNo) values (70, 'Cartwright, Harber and Spencer', '17 Charing Cross Junction', 'jbremmer1x@gmpg.org', '175-137-1176');
insert into Suppliers (SupplierID, Name, Address, Email, PhoneNo) values (71, 'Collier-Abbott', '3844 Di Loreto Circle', 'amedcalf1y@dyndns.org', '537-614-9211');
insert into Suppliers (SupplierID, Name, Address, Email, PhoneNo) values (72, 'Hilll, Stracke and Kassulke', '769 Cascade Pass', 'hpinkney1z@google.com.br', '513-475-7049');
insert into Suppliers (SupplierID, Name, Address, Email, PhoneNo) values (73, 'Conroy-Leuschke', '27118 Stone Corner Center', 'lpenella20@angelfire.com', '841-558-6826');
insert into Suppliers (SupplierID, Name, Address, Email, PhoneNo) values (74, 'Shanahan-King', '3130 Bluestem Avenue', 'apykerman21@wp.com', '290-518-8907');
insert into Suppliers (SupplierID, Name, Address, Email, PhoneNo) values (75, 'Hammes-Friesen', '489 Hansons Street', 'kamdohr22@cloudflare.com', '866-869-0782');
insert into Suppliers (SupplierID, Name, Address, Email, PhoneNo) values (76, 'Zboncak, Ruecker and Rempel', '92 Surrey Drive', 'mandrault23@barnesandnoble.com', '356-154-9152');
insert into Suppliers (SupplierID, Name, Address, Email, PhoneNo) values (77, 'Bins Group', '37755 Veith Alley', 'rrapkins24@paypal.com', '680-544-9669');
insert into Suppliers (SupplierID, Name, Address, Email, PhoneNo) values (78, 'Doyle Group', '50239 Anzinger Court', 'obrenton25@technorati.com', '945-796-0300');
insert into Suppliers (SupplierID, Name, Address, Email, PhoneNo) values (79, 'Rutherford-Johns', '25804 Thompson Court', 'dlindsley26@yolasite.com', '767-453-1016');
insert into Suppliers (SupplierID, Name, Address, Email, PhoneNo) values (80, 'Larkin-Rath', '69 Eagan Place', 'tshaudfurth27@mlb.com', '960-798-7406');
insert into Suppliers (SupplierID, Name, Address, Email, PhoneNo) values (81, 'Ortiz-Ritchie', '362 Valley Edge Park', 'syekel28@sitemeter.com', '961-627-4383');
insert into Suppliers (SupplierID, Name, Address, Email, PhoneNo) values (82, 'Prosacco, Eichmann and Stiedemann', '3431 Mifflin Terrace', 'mdayment29@uol.com.br', '360-841-1969');
insert into Suppliers (SupplierID, Name, Address, Email, PhoneNo) values (83, 'Luettgen-Franecki', '860 Hoard Hill', 'mguttridge2a@studiopress.com', '863-520-4844');
insert into Suppliers (SupplierID, Name, Address, Email, PhoneNo) values (84, 'Breitenberg-Thiel', '9 Delaware Circle', 'ndivill2b@icq.com', '479-190-9830');
insert into Suppliers (SupplierID, Name, Address, Email, PhoneNo) values (85, 'Ebert LLC', '91 Thackeray Alley', 'tcossans2c@sogou.com', '938-833-2375');
insert into Suppliers (SupplierID, Name, Address, Email, PhoneNo) values (86, 'McLaughlin-Reichel', '91 Farwell Way', 'tshawl2d@storify.com', '110-835-8343');
insert into Suppliers (SupplierID, Name, Address, Email, PhoneNo) values (87, 'Spencer, Stanton and Walker', '68509 Farwell Pass', 'cmoakes2e@github.io', '100-409-8910');
insert into Suppliers (SupplierID, Name, Address, Email, PhoneNo) values (88, 'Goyette-Kihn', '2 Hoepker Circle', 'dleppingwell2f@mac.com', '219-579-2206');
insert into Suppliers (SupplierID, Name, Address, Email, PhoneNo) values (89, 'Crona, DuBuque and Simonis', '371 Kim Junction', 'gbreed2g@ft.com', '355-270-6926');
insert into Suppliers (SupplierID, Name, Address, Email, PhoneNo) values (90, 'Cole-Rath', '6 Kennedy Lane', 'lquigg2h@tumblr.com', '256-971-8691');
insert into Suppliers (SupplierID, Name, Address, Email, PhoneNo) values (91, 'Harber, Hartmann and Pfeffer', '1142 Lakewood Street', 'hfacher2i@storify.com', '432-488-6671');
insert into Suppliers (SupplierID, Name, Address, Email, PhoneNo) values (92, 'Walker-Kling', '9 Kingsford Drive', 'tcholerton2j@weather.com', '470-450-2702');
insert into Suppliers (SupplierID, Name, Address, Email, PhoneNo) values (93, 'Osinski-Waters', '3359 Mosinee Pass', 'pmendes2k@addtoany.com', '124-663-8190');
insert into Suppliers (SupplierID, Name, Address, Email, PhoneNo) values (94, 'Kemmer Group', '9 Morning Parkway', 'tcrebott2l@smugmug.com', '653-326-1543');
insert into Suppliers (SupplierID, Name, Address, Email, PhoneNo) values (95, 'Miller-Rogahn', '35136 Ruskin Terrace', 'tborel2m@cbslocal.com', '196-485-0082');
insert into Suppliers (SupplierID, Name, Address, Email, PhoneNo) values (96, 'Olson-Nitzsche', '48440 Jenifer Pass', 'kfreen2n@wired.com', '433-470-9262');
insert into Suppliers (SupplierID, Name, Address, Email, PhoneNo) values (97, 'Schneider-Koepp', '21 North Drive', 'arignall2o@state.gov', '802-318-9486');
insert into Suppliers (SupplierID, Name, Address, Email, PhoneNo) values (98, 'Deckow Group', '604 Londonderry Parkway', 'kedwicker2p@nbcnews.com', '830-543-2681');
insert into Suppliers (SupplierID, Name, Address, Email, PhoneNo) values (99, 'Considine Inc', '4 Old Shore Parkway', 'hpears2q@etsy.com', '575-979-7162');
insert into Suppliers (SupplierID, Name, Address, Email, PhoneNo) values (100, 'Aufderhar, Labadie and Connelly', '9 Eastwood Lane', 'ecrampton2r@comcast.net', '175-899-2122');

create table Orders (
	OrderID INT,
	CustomerID INT,
	StaffID INT,
	OrderDate DATE,
	PRIMARY KEY (OrderID)
);
insert into Orders (OrderID, CustomerID, StaffID, OrderDate) values (1, 35, 58, '2020/11/24');
insert into Orders (OrderID, CustomerID, StaffID, OrderDate) values (2, 21, 78, '2020/04/05');
insert into Orders (OrderID, CustomerID, StaffID, OrderDate) values (3, 73, 58, '2020/11/25');
insert into Orders (OrderID, CustomerID, StaffID, OrderDate) values (4, 36, 35, '2020/11/30');
insert into Orders (OrderID, CustomerID, StaffID, OrderDate) values (5, 31, 36, '2020/02/13');
insert into Orders (OrderID, CustomerID, StaffID, OrderDate) values (6, 57, 34, '2020/10/12');
insert into Orders (OrderID, CustomerID, StaffID, OrderDate) values (7, 67, 5, '2020/10/28');
insert into Orders (OrderID, CustomerID, StaffID, OrderDate) values (8, 32, 21, '2020/03/03');
insert into Orders (OrderID, CustomerID, StaffID, OrderDate) values (9, 80, 58, '2020/08/15');
insert into Orders (OrderID, CustomerID, StaffID, OrderDate) values (10, 6, 54, '2020/09/14');
insert into Orders (OrderID, CustomerID, StaffID, OrderDate) values (11, 23, 61, '2020/05/20');
insert into Orders (OrderID, CustomerID, StaffID, OrderDate) values (12, 44, 92, '2020/08/21');
insert into Orders (OrderID, CustomerID, StaffID, OrderDate) values (13, 59, 17, '2020/03/26');
insert into Orders (OrderID, CustomerID, StaffID, OrderDate) values (14, 30, 52, '2020/09/27');
insert into Orders (OrderID, CustomerID, StaffID, OrderDate) values (15, 22, 74, '2020/11/07');
insert into Orders (OrderID, CustomerID, StaffID, OrderDate) values (16, 51, 22, '2020/09/06');
insert into Orders (OrderID, CustomerID, StaffID, OrderDate) values (17, 65, 96, '2020/10/25');
insert into Orders (OrderID, CustomerID, StaffID, OrderDate) values (18, 12, 19, '2020/07/06');
insert into Orders (OrderID, CustomerID, StaffID, OrderDate) values (19, 29, 91, '2020/07/10');
insert into Orders (OrderID, CustomerID, StaffID, OrderDate) values (20, 75, 37, '2020/05/30');
insert into Orders (OrderID, CustomerID, StaffID, OrderDate) values (21, 43, 98, '2020/01/15');
insert into Orders (OrderID, CustomerID, StaffID, OrderDate) values (22, 48, 78, '2020/02/12');
insert into Orders (OrderID, CustomerID, StaffID, OrderDate) values (23, 39, 20, '2020/04/11');
insert into Orders (OrderID, CustomerID, StaffID, OrderDate) values (24, 16, 35, '2020/08/14');
insert into Orders (OrderID, CustomerID, StaffID, OrderDate) values (25, 45, 13, '2020/10/27');
insert into Orders (OrderID, CustomerID, StaffID, OrderDate) values (26, 98, 32, '2020/01/23');
insert into Orders (OrderID, CustomerID, StaffID, OrderDate) values (27, 57, 2, '2020/10/01');
insert into Orders (OrderID, CustomerID, StaffID, OrderDate) values (28, 8, 63, '2020/06/03');
insert into Orders (OrderID, CustomerID, StaffID, OrderDate) values (29, 67, 51, '2020/06/04');
insert into Orders (OrderID, CustomerID, StaffID, OrderDate) values (30, 74, 71, '2020/04/26');
insert into Orders (OrderID, CustomerID, StaffID, OrderDate) values (31, 41, 90, '2020/03/17');
insert into Orders (OrderID, CustomerID, StaffID, OrderDate) values (32, 73, 34, '2020/06/16');
insert into Orders (OrderID, CustomerID, StaffID, OrderDate) values (33, 84, 37, '2020/01/05');
insert into Orders (OrderID, CustomerID, StaffID, OrderDate) values (34, 89, 31, '2020/09/22');
insert into Orders (OrderID, CustomerID, StaffID, OrderDate) values (35, 78, 33, '2020/02/19');
insert into Orders (OrderID, CustomerID, StaffID, OrderDate) values (36, 12, 74, '2020/12/13');
insert into Orders (OrderID, CustomerID, StaffID, OrderDate) values (37, 98, 18, '2020/06/23');
insert into Orders (OrderID, CustomerID, StaffID, OrderDate) values (38, 1, 44, '2020/08/03');
insert into Orders (OrderID, CustomerID, StaffID, OrderDate) values (39, 42, 90, '2020/11/24');
insert into Orders (OrderID, CustomerID, StaffID, OrderDate) values (40, 21, 29, '2020/12/26');
insert into Orders (OrderID, CustomerID, StaffID, OrderDate) values (41, 69, 51, '2020/08/13');
insert into Orders (OrderID, CustomerID, StaffID, OrderDate) values (42, 98, 1, '2020/07/11');
insert into Orders (OrderID, CustomerID, StaffID, OrderDate) values (43, 66, 88, '2020/05/03');
insert into Orders (OrderID, CustomerID, StaffID, OrderDate) values (44, 46, 98, '2020/02/18');
insert into Orders (OrderID, CustomerID, StaffID, OrderDate) values (45, 6, 93, '2020/06/21');
insert into Orders (OrderID, CustomerID, StaffID, OrderDate) values (46, 66, 49, '2020/05/12');
insert into Orders (OrderID, CustomerID, StaffID, OrderDate) values (47, 15, 52, '2020/09/19');
insert into Orders (OrderID, CustomerID, StaffID, OrderDate) values (48, 48, 31, '2020/05/17');
insert into Orders (OrderID, CustomerID, StaffID, OrderDate) values (49, 9, 65, '2020/10/20');
insert into Orders (OrderID, CustomerID, StaffID, OrderDate) values (50, 77, 19, '2020/02/08');
insert into Orders (OrderID, CustomerID, StaffID, OrderDate) values (51, 76, 29, '2020/04/22');
insert into Orders (OrderID, CustomerID, StaffID, OrderDate) values (52, 75, 77, '2020/03/27');
insert into Orders (OrderID, CustomerID, StaffID, OrderDate) values (53, 60, 62, '2020/01/16');
insert into Orders (OrderID, CustomerID, StaffID, OrderDate) values (54, 13, 74, '2020/06/04');
insert into Orders (OrderID, CustomerID, StaffID, OrderDate) values (55, 17, 49, '2020/11/12');
insert into Orders (OrderID, CustomerID, StaffID, OrderDate) values (56, 25, 60, '2020/03/23');
insert into Orders (OrderID, CustomerID, StaffID, OrderDate) values (57, 82, 97, '2020/06/24');
insert into Orders (OrderID, CustomerID, StaffID, OrderDate) values (58, 46, 17, '2020/04/06');
insert into Orders (OrderID, CustomerID, StaffID, OrderDate) values (59, 46, 44, '2020/05/10');
insert into Orders (OrderID, CustomerID, StaffID, OrderDate) values (60, 85, 65, '2020/03/06');
insert into Orders (OrderID, CustomerID, StaffID, OrderDate) values (61, 18, 57, '2020/11/23');
insert into Orders (OrderID, CustomerID, StaffID, OrderDate) values (62, 56, 100, '2020/01/26');
insert into Orders (OrderID, CustomerID, StaffID, OrderDate) values (63, 44, 13, '2020/12/30');
insert into Orders (OrderID, CustomerID, StaffID, OrderDate) values (64, 23, 31, '2020/03/22');
insert into Orders (OrderID, CustomerID, StaffID, OrderDate) values (65, 49, 16, '2020/10/25');
insert into Orders (OrderID, CustomerID, StaffID, OrderDate) values (66, 2, 28, '2020/06/15');
insert into Orders (OrderID, CustomerID, StaffID, OrderDate) values (67, 67, 91, '2020/10/13');
insert into Orders (OrderID, CustomerID, StaffID, OrderDate) values (68, 78, 2, '2020/03/04');
insert into Orders (OrderID, CustomerID, StaffID, OrderDate) values (69, 94, 36, '2020/02/11');
insert into Orders (OrderID, CustomerID, StaffID, OrderDate) values (70, 65, 25, '2020/02/17');
insert into Orders (OrderID, CustomerID, StaffID, OrderDate) values (71, 74, 78, '2020/02/06');
insert into Orders (OrderID, CustomerID, StaffID, OrderDate) values (72, 56, 39, '2020/04/11');
insert into Orders (OrderID, CustomerID, StaffID, OrderDate) values (73, 77, 55, '2020/10/29');
insert into Orders (OrderID, CustomerID, StaffID, OrderDate) values (74, 52, 31, '2020/05/10');
insert into Orders (OrderID, CustomerID, StaffID, OrderDate) values (75, 12, 79, '2020/04/09');
insert into Orders (OrderID, CustomerID, StaffID, OrderDate) values (76, 55, 12, '2020/05/10');
insert into Orders (OrderID, CustomerID, StaffID, OrderDate) values (77, 100, 39, '2020/12/19');
insert into Orders (OrderID, CustomerID, StaffID, OrderDate) values (78, 4, 79, '2020/07/11');
insert into Orders (OrderID, CustomerID, StaffID, OrderDate) values (79, 90, 35, '2020/02/09');
insert into Orders (OrderID, CustomerID, StaffID, OrderDate) values (80, 95, 86, '2020/08/05');
insert into Orders (OrderID, CustomerID, StaffID, OrderDate) values (81, 98, 98, '2020/12/10');
insert into Orders (OrderID, CustomerID, StaffID, OrderDate) values (82, 47, 95, '2020/11/14');
insert into Orders (OrderID, CustomerID, StaffID, OrderDate) values (83, 7, 87, '2020/07/19');
insert into Orders (OrderID, CustomerID, StaffID, OrderDate) values (84, 41, 61, '2020/10/09');
insert into Orders (OrderID, CustomerID, StaffID, OrderDate) values (85, 83, 34, '2020/11/16');
insert into Orders (OrderID, CustomerID, StaffID, OrderDate) values (86, 17, 37, '2020/03/11');
insert into Orders (OrderID, CustomerID, StaffID, OrderDate) values (87, 61, 23, '2020/03/31');
insert into Orders (OrderID, CustomerID, StaffID, OrderDate) values (88, 55, 53, '2020/01/15');
insert into Orders (OrderID, CustomerID, StaffID, OrderDate) values (89, 48, 29, '2020/07/04');
insert into Orders (OrderID, CustomerID, StaffID, OrderDate) values (90, 53, 67, '2020/04/06');
insert into Orders (OrderID, CustomerID, StaffID, OrderDate) values (91, 98, 15, '2020/03/06');
insert into Orders (OrderID, CustomerID, StaffID, OrderDate) values (92, 2, 95, '2020/03/08');
insert into Orders (OrderID, CustomerID, StaffID, OrderDate) values (93, 32, 50, '2020/10/12');
insert into Orders (OrderID, CustomerID, StaffID, OrderDate) values (94, 15, 56, '2020/11/13');
insert into Orders (OrderID, CustomerID, StaffID, OrderDate) values (95, 6, 53, '2020/02/27');
insert into Orders (OrderID, CustomerID, StaffID, OrderDate) values (96, 1, 80, '2020/04/26');
insert into Orders (OrderID, CustomerID, StaffID, OrderDate) values (97, 38, 79, '2020/07/22');
insert into Orders (OrderID, CustomerID, StaffID, OrderDate) values (98, 100, 24, '2020/07/08');
insert into Orders (OrderID, CustomerID, StaffID, OrderDate) values (99, 87, 45, '2020/05/30');
insert into Orders (OrderID, CustomerID, StaffID, OrderDate) values (100, 64, 86, '2020/09/10');
insert into Orders (OrderID, CustomerID, StaffID, OrderDate) values (101, 79, 30, '2020/09/06');
insert into Orders (OrderID, CustomerID, StaffID, OrderDate) values (102, 55, 6, '2020/12/13');
insert into Orders (OrderID, CustomerID, StaffID, OrderDate) values (103, 30, 23, '2020/02/24');
insert into Orders (OrderID, CustomerID, StaffID, OrderDate) values (104, 33, 28, '2020/06/03');
insert into Orders (OrderID, CustomerID, StaffID, OrderDate) values (105, 70, 79, '2020/01/30');
insert into Orders (OrderID, CustomerID, StaffID, OrderDate) values (106, 32, 38, '2020/02/08');
insert into Orders (OrderID, CustomerID, StaffID, OrderDate) values (107, 6, 45, '2020/09/22');
insert into Orders (OrderID, CustomerID, StaffID, OrderDate) values (108, 89, 36, '2020/01/14');
insert into Orders (OrderID, CustomerID, StaffID, OrderDate) values (109, 11, 28, '2020/04/05');
insert into Orders (OrderID, CustomerID, StaffID, OrderDate) values (110, 69, 53, '2020/10/21');
insert into Orders (OrderID, CustomerID, StaffID, OrderDate) values (111, 98, 64, '2020/04/14');
insert into Orders (OrderID, CustomerID, StaffID, OrderDate) values (112, 27, 95, '2020/09/28');
insert into Orders (OrderID, CustomerID, StaffID, OrderDate) values (113, 24, 22, '2020/12/14');
insert into Orders (OrderID, CustomerID, StaffID, OrderDate) values (114, 37, 54, '2020/04/12');
insert into Orders (OrderID, CustomerID, StaffID, OrderDate) values (115, 33, 81, '2020/04/19');
insert into Orders (OrderID, CustomerID, StaffID, OrderDate) values (116, 99, 57, '2020/12/06');
insert into Orders (OrderID, CustomerID, StaffID, OrderDate) values (117, 49, 35, '2020/03/11');
insert into Orders (OrderID, CustomerID, StaffID, OrderDate) values (118, 60, 26, '2020/02/15');
insert into Orders (OrderID, CustomerID, StaffID, OrderDate) values (119, 33, 96, '2020/01/11');
insert into Orders (OrderID, CustomerID, StaffID, OrderDate) values (120, 68, 35, '2020/12/10');
insert into Orders (OrderID, CustomerID, StaffID, OrderDate) values (121, 100, 96, '2020/05/19');
insert into Orders (OrderID, CustomerID, StaffID, OrderDate) values (122, 78, 86, '2020/09/19');
insert into Orders (OrderID, CustomerID, StaffID, OrderDate) values (123, 31, 32, '2020/04/10');
insert into Orders (OrderID, CustomerID, StaffID, OrderDate) values (124, 89, 13, '2020/11/26');
insert into Orders (OrderID, CustomerID, StaffID, OrderDate) values (125, 61, 37, '2020/08/17');
insert into Orders (OrderID, CustomerID, StaffID, OrderDate) values (126, 75, 35, '2020/04/26');
insert into Orders (OrderID, CustomerID, StaffID, OrderDate) values (127, 24, 37, '2020/08/05');
insert into Orders (OrderID, CustomerID, StaffID, OrderDate) values (128, 68, 75, '2020/08/05');
insert into Orders (OrderID, CustomerID, StaffID, OrderDate) values (129, 98, 77, '2020/04/18');
insert into Orders (OrderID, CustomerID, StaffID, OrderDate) values (130, 10, 3, '2020/09/04');
insert into Orders (OrderID, CustomerID, StaffID, OrderDate) values (131, 56, 90, '2020/10/26');
insert into Orders (OrderID, CustomerID, StaffID, OrderDate) values (132, 72, 7, '2020/01/01');
insert into Orders (OrderID, CustomerID, StaffID, OrderDate) values (133, 34, 13, '2020/10/06');
insert into Orders (OrderID, CustomerID, StaffID, OrderDate) values (134, 49, 82, '2020/03/03');
insert into Orders (OrderID, CustomerID, StaffID, OrderDate) values (135, 63, 6, '2020/12/04');
insert into Orders (OrderID, CustomerID, StaffID, OrderDate) values (136, 67, 88, '2020/08/09');
insert into Orders (OrderID, CustomerID, StaffID, OrderDate) values (137, 72, 49, '2020/07/05');
insert into Orders (OrderID, CustomerID, StaffID, OrderDate) values (138, 81, 80, '2020/07/29');
insert into Orders (OrderID, CustomerID, StaffID, OrderDate) values (139, 88, 100, '2020/01/04');
insert into Orders (OrderID, CustomerID, StaffID, OrderDate) values (140, 52, 54, '2020/06/07');
insert into Orders (OrderID, CustomerID, StaffID, OrderDate) values (141, 57, 69, '2020/02/02');
insert into Orders (OrderID, CustomerID, StaffID, OrderDate) values (142, 76, 95, '2020/03/24');
insert into Orders (OrderID, CustomerID, StaffID, OrderDate) values (143, 54, 84, '2020/04/10');
insert into Orders (OrderID, CustomerID, StaffID, OrderDate) values (144, 98, 48, '2020/07/31');
insert into Orders (OrderID, CustomerID, StaffID, OrderDate) values (145, 97, 99, '2020/02/20');
insert into Orders (OrderID, CustomerID, StaffID, OrderDate) values (146, 76, 47, '2020/06/30');
insert into Orders (OrderID, CustomerID, StaffID, OrderDate) values (147, 72, 18, '2020/10/26');
insert into Orders (OrderID, CustomerID, StaffID, OrderDate) values (148, 94, 71, '2020/11/11');
insert into Orders (OrderID, CustomerID, StaffID, OrderDate) values (149, 86, 70, '2020/09/27');
insert into Orders (OrderID, CustomerID, StaffID, OrderDate) values (150, 28, 39, '2020/07/27');
insert into Orders (OrderID, CustomerID, StaffID, OrderDate) values (151, 53, 54, '2020/11/15');
insert into Orders (OrderID, CustomerID, StaffID, OrderDate) values (152, 80, 21, '2020/10/03');
insert into Orders (OrderID, CustomerID, StaffID, OrderDate) values (153, 36, 93, '2020/06/19');
insert into Orders (OrderID, CustomerID, StaffID, OrderDate) values (154, 38, 84, '2020/09/27');
insert into Orders (OrderID, CustomerID, StaffID, OrderDate) values (155, 21, 4, '2020/12/02');
insert into Orders (OrderID, CustomerID, StaffID, OrderDate) values (156, 33, 94, '2020/01/23');
insert into Orders (OrderID, CustomerID, StaffID, OrderDate) values (157, 17, 31, '2020/10/25');
insert into Orders (OrderID, CustomerID, StaffID, OrderDate) values (158, 16, 94, '2020/03/26');
insert into Orders (OrderID, CustomerID, StaffID, OrderDate) values (159, 2, 9, '2020/07/28');
insert into Orders (OrderID, CustomerID, StaffID, OrderDate) values (160, 18, 60, '2020/10/27');
insert into Orders (OrderID, CustomerID, StaffID, OrderDate) values (161, 56, 47, '2020/12/25');
insert into Orders (OrderID, CustomerID, StaffID, OrderDate) values (162, 89, 96, '2020/07/30');
insert into Orders (OrderID, CustomerID, StaffID, OrderDate) values (163, 59, 40, '2020/10/18');
insert into Orders (OrderID, CustomerID, StaffID, OrderDate) values (164, 7, 4, '2020/08/29');
insert into Orders (OrderID, CustomerID, StaffID, OrderDate) values (165, 11, 89, '2020/10/30');
insert into Orders (OrderID, CustomerID, StaffID, OrderDate) values (166, 6, 99, '2020/11/23');
insert into Orders (OrderID, CustomerID, StaffID, OrderDate) values (167, 68, 95, '2020/04/05');
insert into Orders (OrderID, CustomerID, StaffID, OrderDate) values (168, 86, 17, '2020/03/15');
insert into Orders (OrderID, CustomerID, StaffID, OrderDate) values (169, 71, 89, '2020/03/26');
insert into Orders (OrderID, CustomerID, StaffID, OrderDate) values (170, 51, 51, '2020/02/16');
insert into Orders (OrderID, CustomerID, StaffID, OrderDate) values (171, 64, 39, '2020/01/29');
insert into Orders (OrderID, CustomerID, StaffID, OrderDate) values (172, 18, 81, '2020/06/03');
insert into Orders (OrderID, CustomerID, StaffID, OrderDate) values (173, 71, 47, '2020/03/21');
insert into Orders (OrderID, CustomerID, StaffID, OrderDate) values (174, 47, 46, '2020/06/23');
insert into Orders (OrderID, CustomerID, StaffID, OrderDate) values (175, 31, 19, '2020/09/02');
insert into Orders (OrderID, CustomerID, StaffID, OrderDate) values (176, 88, 36, '2020/03/18');
insert into Orders (OrderID, CustomerID, StaffID, OrderDate) values (177, 76, 35, '2020/08/06');
insert into Orders (OrderID, CustomerID, StaffID, OrderDate) values (178, 41, 35, '2020/12/26');
insert into Orders (OrderID, CustomerID, StaffID, OrderDate) values (179, 17, 89, '2020/05/31');
insert into Orders (OrderID, CustomerID, StaffID, OrderDate) values (180, 38, 23, '2020/10/18');
insert into Orders (OrderID, CustomerID, StaffID, OrderDate) values (181, 76, 10, '2020/05/27');
insert into Orders (OrderID, CustomerID, StaffID, OrderDate) values (182, 3, 91, '2020/04/14');
insert into Orders (OrderID, CustomerID, StaffID, OrderDate) values (183, 17, 65, '2020/12/09');
insert into Orders (OrderID, CustomerID, StaffID, OrderDate) values (184, 74, 62, '2020/08/31');
insert into Orders (OrderID, CustomerID, StaffID, OrderDate) values (185, 74, 51, '2020/03/25');
insert into Orders (OrderID, CustomerID, StaffID, OrderDate) values (186, 35, 56, '2020/02/09');
insert into Orders (OrderID, CustomerID, StaffID, OrderDate) values (187, 88, 57, '2020/11/25');
insert into Orders (OrderID, CustomerID, StaffID, OrderDate) values (188, 12, 4, '2020/03/09');
insert into Orders (OrderID, CustomerID, StaffID, OrderDate) values (189, 5, 46, '2020/12/13');
insert into Orders (OrderID, CustomerID, StaffID, OrderDate) values (190, 71, 51, '2020/12/02');
insert into Orders (OrderID, CustomerID, StaffID, OrderDate) values (191, 60, 47, '2020/12/24');
insert into Orders (OrderID, CustomerID, StaffID, OrderDate) values (192, 50, 65, '2020/11/03');
insert into Orders (OrderID, CustomerID, StaffID, OrderDate) values (193, 17, 8, '2020/03/02');
insert into Orders (OrderID, CustomerID, StaffID, OrderDate) values (194, 58, 88, '2020/07/18');
insert into Orders (OrderID, CustomerID, StaffID, OrderDate) values (195, 72, 5, '2020/10/30');
insert into Orders (OrderID, CustomerID, StaffID, OrderDate) values (196, 44, 91, '2020/05/31');
insert into Orders (OrderID, CustomerID, StaffID, OrderDate) values (197, 79, 3, '2020/01/23');
insert into Orders (OrderID, CustomerID, StaffID, OrderDate) values (198, 76, 85, '2020/05/25');
insert into Orders (OrderID, CustomerID, StaffID, OrderDate) values (199, 8, 84, '2020/12/16');
insert into Orders (OrderID, CustomerID, StaffID, OrderDate) values (200, 45, 29, '2020/10/18');
insert into Orders (OrderID, CustomerID, StaffID, OrderDate) values (201, 51, 54, '2020/01/14');
insert into Orders (OrderID, CustomerID, StaffID, OrderDate) values (202, 68, 3, '2020/02/01');
insert into Orders (OrderID, CustomerID, StaffID, OrderDate) values (203, 51, 44, '2020/12/29');
insert into Orders (OrderID, CustomerID, StaffID, OrderDate) values (204, 22, 70, '2020/09/19');
insert into Orders (OrderID, CustomerID, StaffID, OrderDate) values (205, 54, 1, '2020/12/12');
insert into Orders (OrderID, CustomerID, StaffID, OrderDate) values (206, 58, 34, '2020/08/08');
insert into Orders (OrderID, CustomerID, StaffID, OrderDate) values (207, 46, 44, '2020/02/23');
insert into Orders (OrderID, CustomerID, StaffID, OrderDate) values (208, 22, 3, '2020/01/24');
insert into Orders (OrderID, CustomerID, StaffID, OrderDate) values (209, 31, 31, '2020/06/21');
insert into Orders (OrderID, CustomerID, StaffID, OrderDate) values (210, 96, 41, '2020/08/15');
insert into Orders (OrderID, CustomerID, StaffID, OrderDate) values (211, 95, 70, '2020/09/06');
insert into Orders (OrderID, CustomerID, StaffID, OrderDate) values (212, 14, 73, '2020/07/02');
insert into Orders (OrderID, CustomerID, StaffID, OrderDate) values (213, 59, 5, '2020/01/11');
insert into Orders (OrderID, CustomerID, StaffID, OrderDate) values (214, 89, 15, '2020/01/01');
insert into Orders (OrderID, CustomerID, StaffID, OrderDate) values (215, 47, 79, '2020/01/02');
insert into Orders (OrderID, CustomerID, StaffID, OrderDate) values (216, 53, 51, '2020/02/26');
insert into Orders (OrderID, CustomerID, StaffID, OrderDate) values (217, 81, 100, '2020/04/09');
insert into Orders (OrderID, CustomerID, StaffID, OrderDate) values (218, 26, 53, '2020/03/02');
insert into Orders (OrderID, CustomerID, StaffID, OrderDate) values (219, 36, 44, '2020/09/20');
insert into Orders (OrderID, CustomerID, StaffID, OrderDate) values (220, 46, 60, '2020/02/18');
insert into Orders (OrderID, CustomerID, StaffID, OrderDate) values (221, 77, 99, '2020/01/28');
insert into Orders (OrderID, CustomerID, StaffID, OrderDate) values (222, 84, 24, '2020/08/01');
insert into Orders (OrderID, CustomerID, StaffID, OrderDate) values (223, 97, 20, '2020/11/10');
insert into Orders (OrderID, CustomerID, StaffID, OrderDate) values (224, 4, 40, '2020/01/19');
insert into Orders (OrderID, CustomerID, StaffID, OrderDate) values (225, 11, 22, '2020/06/17');
insert into Orders (OrderID, CustomerID, StaffID, OrderDate) values (226, 67, 54, '2020/06/03');
insert into Orders (OrderID, CustomerID, StaffID, OrderDate) values (227, 91, 5, '2020/10/09');
insert into Orders (OrderID, CustomerID, StaffID, OrderDate) values (228, 68, 86, '2020/08/31');
insert into Orders (OrderID, CustomerID, StaffID, OrderDate) values (229, 90, 5, '2020/07/02');
insert into Orders (OrderID, CustomerID, StaffID, OrderDate) values (230, 86, 96, '2020/04/23');
insert into Orders (OrderID, CustomerID, StaffID, OrderDate) values (231, 70, 11, '2020/12/29');
insert into Orders (OrderID, CustomerID, StaffID, OrderDate) values (232, 31, 68, '2020/04/07');
insert into Orders (OrderID, CustomerID, StaffID, OrderDate) values (233, 16, 53, '2020/04/12');
insert into Orders (OrderID, CustomerID, StaffID, OrderDate) values (234, 77, 60, '2020/03/08');
insert into Orders (OrderID, CustomerID, StaffID, OrderDate) values (235, 3, 99, '2020/01/22');
insert into Orders (OrderID, CustomerID, StaffID, OrderDate) values (236, 75, 10, '2020/11/24');
insert into Orders (OrderID, CustomerID, StaffID, OrderDate) values (237, 99, 82, '2020/10/20');
insert into Orders (OrderID, CustomerID, StaffID, OrderDate) values (238, 76, 45, '2020/09/23');
insert into Orders (OrderID, CustomerID, StaffID, OrderDate) values (239, 9, 36, '2020/07/07');
insert into Orders (OrderID, CustomerID, StaffID, OrderDate) values (240, 87, 81, '2020/04/19');
insert into Orders (OrderID, CustomerID, StaffID, OrderDate) values (241, 31, 21, '2020/06/29');
insert into Orders (OrderID, CustomerID, StaffID, OrderDate) values (242, 56, 20, '2020/09/26');
insert into Orders (OrderID, CustomerID, StaffID, OrderDate) values (243, 13, 56, '2020/05/15');
insert into Orders (OrderID, CustomerID, StaffID, OrderDate) values (244, 46, 40, '2020/01/24');
insert into Orders (OrderID, CustomerID, StaffID, OrderDate) values (245, 61, 24, '2020/09/10');
insert into Orders (OrderID, CustomerID, StaffID, OrderDate) values (246, 27, 75, '2020/11/01');
insert into Orders (OrderID, CustomerID, StaffID, OrderDate) values (247, 59, 27, '2020/05/11');
insert into Orders (OrderID, CustomerID, StaffID, OrderDate) values (248, 91, 50, '2020/07/11');
insert into Orders (OrderID, CustomerID, StaffID, OrderDate) values (249, 89, 50, '2020/05/10');
insert into Orders (OrderID, CustomerID, StaffID, OrderDate) values (250, 83, 67, '2020/11/28');
insert into Orders (OrderID, CustomerID, StaffID, OrderDate) values (251, 64, 30, '2020/04/09');
insert into Orders (OrderID, CustomerID, StaffID, OrderDate) values (252, 63, 82, '2020/08/31');
insert into Orders (OrderID, CustomerID, StaffID, OrderDate) values (253, 13, 78, '2020/05/03');
insert into Orders (OrderID, CustomerID, StaffID, OrderDate) values (254, 59, 85, '2020/03/28');
insert into Orders (OrderID, CustomerID, StaffID, OrderDate) values (255, 31, 65, '2020/11/22');
insert into Orders (OrderID, CustomerID, StaffID, OrderDate) values (256, 72, 97, '2020/03/27');
insert into Orders (OrderID, CustomerID, StaffID, OrderDate) values (257, 79, 76, '2020/05/29');
insert into Orders (OrderID, CustomerID, StaffID, OrderDate) values (258, 27, 6, '2020/07/24');
insert into Orders (OrderID, CustomerID, StaffID, OrderDate) values (259, 78, 46, '2020/06/08');
insert into Orders (OrderID, CustomerID, StaffID, OrderDate) values (260, 17, 32, '2020/07/10');
insert into Orders (OrderID, CustomerID, StaffID, OrderDate) values (261, 96, 45, '2020/05/13');
insert into Orders (OrderID, CustomerID, StaffID, OrderDate) values (262, 13, 82, '2020/04/30');
insert into Orders (OrderID, CustomerID, StaffID, OrderDate) values (263, 74, 90, '2020/01/26');
insert into Orders (OrderID, CustomerID, StaffID, OrderDate) values (264, 94, 53, '2020/07/25');
insert into Orders (OrderID, CustomerID, StaffID, OrderDate) values (265, 59, 39, '2020/03/03');
insert into Orders (OrderID, CustomerID, StaffID, OrderDate) values (266, 32, 51, '2020/06/29');
insert into Orders (OrderID, CustomerID, StaffID, OrderDate) values (267, 39, 86, '2020/08/28');
insert into Orders (OrderID, CustomerID, StaffID, OrderDate) values (268, 16, 53, '2020/11/19');
insert into Orders (OrderID, CustomerID, StaffID, OrderDate) values (269, 61, 19, '2020/11/08');
insert into Orders (OrderID, CustomerID, StaffID, OrderDate) values (270, 68, 90, '2020/07/28');
insert into Orders (OrderID, CustomerID, StaffID, OrderDate) values (271, 37, 91, '2020/12/14');
insert into Orders (OrderID, CustomerID, StaffID, OrderDate) values (272, 93, 86, '2020/11/27');
insert into Orders (OrderID, CustomerID, StaffID, OrderDate) values (273, 54, 99, '2020/06/08');
insert into Orders (OrderID, CustomerID, StaffID, OrderDate) values (274, 29, 41, '2020/08/22');
insert into Orders (OrderID, CustomerID, StaffID, OrderDate) values (275, 91, 93, '2020/10/19');
insert into Orders (OrderID, CustomerID, StaffID, OrderDate) values (276, 27, 64, '2020/02/26');
insert into Orders (OrderID, CustomerID, StaffID, OrderDate) values (277, 9, 21, '2020/05/22');
insert into Orders (OrderID, CustomerID, StaffID, OrderDate) values (278, 83, 49, '2020/09/01');
insert into Orders (OrderID, CustomerID, StaffID, OrderDate) values (279, 62, 4, '2020/06/24');
insert into Orders (OrderID, CustomerID, StaffID, OrderDate) values (280, 90, 25, '2020/06/14');
insert into Orders (OrderID, CustomerID, StaffID, OrderDate) values (281, 95, 89, '2020/05/06');
insert into Orders (OrderID, CustomerID, StaffID, OrderDate) values (282, 69, 46, '2020/06/23');
insert into Orders (OrderID, CustomerID, StaffID, OrderDate) values (283, 91, 13, '2020/03/27');
insert into Orders (OrderID, CustomerID, StaffID, OrderDate) values (284, 93, 50, '2020/11/19');
insert into Orders (OrderID, CustomerID, StaffID, OrderDate) values (285, 5, 11, '2020/02/17');
insert into Orders (OrderID, CustomerID, StaffID, OrderDate) values (286, 60, 1, '2020/02/27');
insert into Orders (OrderID, CustomerID, StaffID, OrderDate) values (287, 11, 44, '2020/10/17');
insert into Orders (OrderID, CustomerID, StaffID, OrderDate) values (288, 31, 47, '2020/02/07');
insert into Orders (OrderID, CustomerID, StaffID, OrderDate) values (289, 89, 59, '2020/10/09');
insert into Orders (OrderID, CustomerID, StaffID, OrderDate) values (290, 86, 34, '2020/10/08');
insert into Orders (OrderID, CustomerID, StaffID, OrderDate) values (291, 89, 5, '2020/03/12');
insert into Orders (OrderID, CustomerID, StaffID, OrderDate) values (292, 10, 44, '2020/03/17');
insert into Orders (OrderID, CustomerID, StaffID, OrderDate) values (293, 77, 44, '2020/09/16');
insert into Orders (OrderID, CustomerID, StaffID, OrderDate) values (294, 20, 41, '2020/03/19');
insert into Orders (OrderID, CustomerID, StaffID, OrderDate) values (295, 50, 36, '2020/06/02');
insert into Orders (OrderID, CustomerID, StaffID, OrderDate) values (296, 79, 50, '2020/03/23');
insert into Orders (OrderID, CustomerID, StaffID, OrderDate) values (297, 45, 48, '2020/07/05');
insert into Orders (OrderID, CustomerID, StaffID, OrderDate) values (298, 69, 2, '2020/10/01');
insert into Orders (OrderID, CustomerID, StaffID, OrderDate) values (299, 27, 15, '2020/08/24');
insert into Orders (OrderID, CustomerID, StaffID, OrderDate) values (300, 13, 47, '2020/09/27');
insert into Orders (OrderID, CustomerID, StaffID, OrderDate) values (301, 56, 62, '2020/08/16');
insert into Orders (OrderID, CustomerID, StaffID, OrderDate) values (302, 40, 38, '2020/05/23');
insert into Orders (OrderID, CustomerID, StaffID, OrderDate) values (303, 24, 52, '2020/04/15');
insert into Orders (OrderID, CustomerID, StaffID, OrderDate) values (304, 12, 62, '2020/11/09');
insert into Orders (OrderID, CustomerID, StaffID, OrderDate) values (305, 80, 40, '2020/12/07');
insert into Orders (OrderID, CustomerID, StaffID, OrderDate) values (306, 87, 37, '2020/10/28');
insert into Orders (OrderID, CustomerID, StaffID, OrderDate) values (307, 87, 38, '2020/04/05');
insert into Orders (OrderID, CustomerID, StaffID, OrderDate) values (308, 97, 25, '2020/09/22');
insert into Orders (OrderID, CustomerID, StaffID, OrderDate) values (309, 93, 15, '2020/01/04');
insert into Orders (OrderID, CustomerID, StaffID, OrderDate) values (310, 6, 87, '2020/03/29');
insert into Orders (OrderID, CustomerID, StaffID, OrderDate) values (311, 8, 63, '2020/09/06');
insert into Orders (OrderID, CustomerID, StaffID, OrderDate) values (312, 23, 66, '2020/05/02');
insert into Orders (OrderID, CustomerID, StaffID, OrderDate) values (313, 91, 89, '2020/09/05');
insert into Orders (OrderID, CustomerID, StaffID, OrderDate) values (314, 5, 13, '2020/06/29');
insert into Orders (OrderID, CustomerID, StaffID, OrderDate) values (315, 95, 12, '2020/09/13');
insert into Orders (OrderID, CustomerID, StaffID, OrderDate) values (316, 73, 65, '2020/03/04');
insert into Orders (OrderID, CustomerID, StaffID, OrderDate) values (317, 95, 90, '2020/02/09');
insert into Orders (OrderID, CustomerID, StaffID, OrderDate) values (318, 21, 28, '2020/12/30');
insert into Orders (OrderID, CustomerID, StaffID, OrderDate) values (319, 28, 55, '2020/06/16');
insert into Orders (OrderID, CustomerID, StaffID, OrderDate) values (320, 37, 85, '2020/10/29');
insert into Orders (OrderID, CustomerID, StaffID, OrderDate) values (321, 57, 68, '2020/02/24');
insert into Orders (OrderID, CustomerID, StaffID, OrderDate) values (322, 14, 62, '2020/02/19');
insert into Orders (OrderID, CustomerID, StaffID, OrderDate) values (323, 28, 64, '2020/07/15');
insert into Orders (OrderID, CustomerID, StaffID, OrderDate) values (324, 87, 79, '2020/11/02');
insert into Orders (OrderID, CustomerID, StaffID, OrderDate) values (325, 25, 47, '2020/02/21');
insert into Orders (OrderID, CustomerID, StaffID, OrderDate) values (326, 64, 44, '2020/12/16');
insert into Orders (OrderID, CustomerID, StaffID, OrderDate) values (327, 80, 95, '2020/11/10');
insert into Orders (OrderID, CustomerID, StaffID, OrderDate) values (328, 30, 57, '2020/12/19');
insert into Orders (OrderID, CustomerID, StaffID, OrderDate) values (329, 24, 10, '2020/05/24');
insert into Orders (OrderID, CustomerID, StaffID, OrderDate) values (330, 23, 28, '2020/12/13');
insert into Orders (OrderID, CustomerID, StaffID, OrderDate) values (331, 79, 2, '2020/12/22');
insert into Orders (OrderID, CustomerID, StaffID, OrderDate) values (332, 8, 38, '2020/02/02');
insert into Orders (OrderID, CustomerID, StaffID, OrderDate) values (333, 95, 37, '2020/10/31');
insert into Orders (OrderID, CustomerID, StaffID, OrderDate) values (334, 76, 1, '2020/11/27');
insert into Orders (OrderID, CustomerID, StaffID, OrderDate) values (335, 46, 49, '2020/05/27');
insert into Orders (OrderID, CustomerID, StaffID, OrderDate) values (336, 37, 62, '2020/06/13');
insert into Orders (OrderID, CustomerID, StaffID, OrderDate) values (337, 85, 40, '2020/01/01');
insert into Orders (OrderID, CustomerID, StaffID, OrderDate) values (338, 65, 98, '2020/11/04');
insert into Orders (OrderID, CustomerID, StaffID, OrderDate) values (339, 67, 10, '2020/05/31');
insert into Orders (OrderID, CustomerID, StaffID, OrderDate) values (340, 31, 4, '2020/04/09');
insert into Orders (OrderID, CustomerID, StaffID, OrderDate) values (341, 86, 89, '2020/05/06');
insert into Orders (OrderID, CustomerID, StaffID, OrderDate) values (342, 55, 64, '2020/04/02');
insert into Orders (OrderID, CustomerID, StaffID, OrderDate) values (343, 38, 90, '2020/10/20');
insert into Orders (OrderID, CustomerID, StaffID, OrderDate) values (344, 32, 64, '2020/06/13');
insert into Orders (OrderID, CustomerID, StaffID, OrderDate) values (345, 16, 45, '2020/02/05');
insert into Orders (OrderID, CustomerID, StaffID, OrderDate) values (346, 87, 48, '2020/03/27');
insert into Orders (OrderID, CustomerID, StaffID, OrderDate) values (347, 49, 93, '2020/03/21');
insert into Orders (OrderID, CustomerID, StaffID, OrderDate) values (348, 15, 49, '2020/12/17');
insert into Orders (OrderID, CustomerID, StaffID, OrderDate) values (349, 75, 52, '2020/12/03');
insert into Orders (OrderID, CustomerID, StaffID, OrderDate) values (350, 35, 10, '2020/10/30');
insert into Orders (OrderID, CustomerID, StaffID, OrderDate) values (351, 17, 75, '2020/12/29');
insert into Orders (OrderID, CustomerID, StaffID, OrderDate) values (352, 2, 96, '2020/09/14');
insert into Orders (OrderID, CustomerID, StaffID, OrderDate) values (353, 27, 54, '2020/04/05');
insert into Orders (OrderID, CustomerID, StaffID, OrderDate) values (354, 91, 61, '2020/08/28');
insert into Orders (OrderID, CustomerID, StaffID, OrderDate) values (355, 27, 83, '2020/05/03');
insert into Orders (OrderID, CustomerID, StaffID, OrderDate) values (356, 4, 82, '2020/12/06');
insert into Orders (OrderID, CustomerID, StaffID, OrderDate) values (357, 64, 4, '2020/12/21');
insert into Orders (OrderID, CustomerID, StaffID, OrderDate) values (358, 79, 59, '2020/06/25');
insert into Orders (OrderID, CustomerID, StaffID, OrderDate) values (359, 10, 43, '2020/12/05');
insert into Orders (OrderID, CustomerID, StaffID, OrderDate) values (360, 23, 89, '2020/02/21');
insert into Orders (OrderID, CustomerID, StaffID, OrderDate) values (361, 26, 78, '2020/07/27');
insert into Orders (OrderID, CustomerID, StaffID, OrderDate) values (362, 64, 88, '2020/01/02');
insert into Orders (OrderID, CustomerID, StaffID, OrderDate) values (363, 74, 12, '2020/03/25');
insert into Orders (OrderID, CustomerID, StaffID, OrderDate) values (364, 56, 87, '2020/07/24');
insert into Orders (OrderID, CustomerID, StaffID, OrderDate) values (365, 24, 62, '2020/03/23');
insert into Orders (OrderID, CustomerID, StaffID, OrderDate) values (366, 71, 57, '2020/02/19');
insert into Orders (OrderID, CustomerID, StaffID, OrderDate) values (367, 45, 55, '2020/07/22');
insert into Orders (OrderID, CustomerID, StaffID, OrderDate) values (368, 95, 36, '2020/10/30');
insert into Orders (OrderID, CustomerID, StaffID, OrderDate) values (369, 61, 60, '2020/03/28');
insert into Orders (OrderID, CustomerID, StaffID, OrderDate) values (370, 76, 86, '2020/10/14');
insert into Orders (OrderID, CustomerID, StaffID, OrderDate) values (371, 98, 9, '2020/03/18');
insert into Orders (OrderID, CustomerID, StaffID, OrderDate) values (372, 17, 54, '2020/02/03');
insert into Orders (OrderID, CustomerID, StaffID, OrderDate) values (373, 58, 93, '2020/05/20');
insert into Orders (OrderID, CustomerID, StaffID, OrderDate) values (374, 93, 25, '2020/02/27');
insert into Orders (OrderID, CustomerID, StaffID, OrderDate) values (375, 81, 51, '2020/06/01');
insert into Orders (OrderID, CustomerID, StaffID, OrderDate) values (376, 47, 5, '2020/07/06');
insert into Orders (OrderID, CustomerID, StaffID, OrderDate) values (377, 74, 33, '2020/04/03');
insert into Orders (OrderID, CustomerID, StaffID, OrderDate) values (378, 85, 46, '2020/09/14');
insert into Orders (OrderID, CustomerID, StaffID, OrderDate) values (379, 43, 86, '2020/07/24');
insert into Orders (OrderID, CustomerID, StaffID, OrderDate) values (380, 26, 34, '2020/03/27');
insert into Orders (OrderID, CustomerID, StaffID, OrderDate) values (381, 88, 56, '2020/11/23');
insert into Orders (OrderID, CustomerID, StaffID, OrderDate) values (382, 75, 15, '2020/04/17');
insert into Orders (OrderID, CustomerID, StaffID, OrderDate) values (383, 77, 40, '2020/03/04');
insert into Orders (OrderID, CustomerID, StaffID, OrderDate) values (384, 78, 35, '2020/10/25');
insert into Orders (OrderID, CustomerID, StaffID, OrderDate) values (385, 77, 11, '2020/04/18');
insert into Orders (OrderID, CustomerID, StaffID, OrderDate) values (386, 22, 82, '2020/12/11');
insert into Orders (OrderID, CustomerID, StaffID, OrderDate) values (387, 12, 48, '2020/03/02');
insert into Orders (OrderID, CustomerID, StaffID, OrderDate) values (388, 79, 75, '2020/07/14');
insert into Orders (OrderID, CustomerID, StaffID, OrderDate) values (389, 43, 10, '2020/07/26');
insert into Orders (OrderID, CustomerID, StaffID, OrderDate) values (390, 25, 9, '2020/08/26');
insert into Orders (OrderID, CustomerID, StaffID, OrderDate) values (391, 78, 82, '2020/11/20');
insert into Orders (OrderID, CustomerID, StaffID, OrderDate) values (392, 74, 17, '2020/08/17');
insert into Orders (OrderID, CustomerID, StaffID, OrderDate) values (393, 46, 53, '2020/02/09');
insert into Orders (OrderID, CustomerID, StaffID, OrderDate) values (394, 93, 95, '2020/02/27');
insert into Orders (OrderID, CustomerID, StaffID, OrderDate) values (395, 85, 31, '2020/12/05');
insert into Orders (OrderID, CustomerID, StaffID, OrderDate) values (396, 67, 100, '2020/04/18');
insert into Orders (OrderID, CustomerID, StaffID, OrderDate) values (397, 69, 21, '2020/06/28');
insert into Orders (OrderID, CustomerID, StaffID, OrderDate) values (398, 95, 63, '2020/11/17');
insert into Orders (OrderID, CustomerID, StaffID, OrderDate) values (399, 59, 70, '2020/12/08');
insert into Orders (OrderID, CustomerID, StaffID, OrderDate) values (400, 14, 72, '2020/03/31');

create table OrderItems (
	ItemID INT,
	StockID INT,
	OrderID INT,
	Quantity INT,
	PRIMARY KEY (ItemID)
);
insert into OrderItems (ItemID, StockID, OrderID, Quantity) values (1, 128, 101, 4);
insert into OrderItems (ItemID, StockID, OrderID, Quantity) values (2, 1, 303, 8);
insert into OrderItems (ItemID, StockID, OrderID, Quantity) values (3, 186, 307, 3);
insert into OrderItems (ItemID, StockID, OrderID, Quantity) values (4, 89, 380, 3);
insert into OrderItems (ItemID, StockID, OrderID, Quantity) values (5, 1, 385, 2);
insert into OrderItems (ItemID, StockID, OrderID, Quantity) values (6, 148, 336, 2);
insert into OrderItems (ItemID, StockID, OrderID, Quantity) values (7, 43, 303, 2);
insert into OrderItems (ItemID, StockID, OrderID, Quantity) values (8, 100, 350, 8);
insert into OrderItems (ItemID, StockID, OrderID, Quantity) values (9, 87, 292, 2);
insert into OrderItems (ItemID, StockID, OrderID, Quantity) values (10, 52, 139, 2);
insert into OrderItems (ItemID, StockID, OrderID, Quantity) values (11, 89, 10, 2);
insert into OrderItems (ItemID, StockID, OrderID, Quantity) values (12, 125, 14, 5);
insert into OrderItems (ItemID, StockID, OrderID, Quantity) values (13, 8, 355, 10);
insert into OrderItems (ItemID, StockID, OrderID, Quantity) values (14, 140, 233, 9);
insert into OrderItems (ItemID, StockID, OrderID, Quantity) values (15, 160, 23, 4);
insert into OrderItems (ItemID, StockID, OrderID, Quantity) values (16, 107, 141, 8);
insert into OrderItems (ItemID, StockID, OrderID, Quantity) values (17, 75, 295, 3);
insert into OrderItems (ItemID, StockID, OrderID, Quantity) values (18, 120, 183, 8);
insert into OrderItems (ItemID, StockID, OrderID, Quantity) values (19, 24, 5, 7);
insert into OrderItems (ItemID, StockID, OrderID, Quantity) values (20, 89, 150, 3);
insert into OrderItems (ItemID, StockID, OrderID, Quantity) values (21, 115, 184, 10);
insert into OrderItems (ItemID, StockID, OrderID, Quantity) values (22, 7, 234, 6);
insert into OrderItems (ItemID, StockID, OrderID, Quantity) values (23, 140, 398, 8);
insert into OrderItems (ItemID, StockID, OrderID, Quantity) values (24, 174, 54, 1);
insert into OrderItems (ItemID, StockID, OrderID, Quantity) values (25, 133, 217, 6);
insert into OrderItems (ItemID, StockID, OrderID, Quantity) values (26, 115, 223, 9);
insert into OrderItems (ItemID, StockID, OrderID, Quantity) values (27, 151, 10, 10);
insert into OrderItems (ItemID, StockID, OrderID, Quantity) values (28, 159, 157, 3);
insert into OrderItems (ItemID, StockID, OrderID, Quantity) values (29, 154, 110, 1);
insert into OrderItems (ItemID, StockID, OrderID, Quantity) values (30, 86, 372, 3);
insert into OrderItems (ItemID, StockID, OrderID, Quantity) values (31, 81, 270, 9);
insert into OrderItems (ItemID, StockID, OrderID, Quantity) values (32, 13, 333, 6);
insert into OrderItems (ItemID, StockID, OrderID, Quantity) values (33, 184, 221, 5);
insert into OrderItems (ItemID, StockID, OrderID, Quantity) values (34, 111, 222, 1);
insert into OrderItems (ItemID, StockID, OrderID, Quantity) values (35, 43, 378, 5);
insert into OrderItems (ItemID, StockID, OrderID, Quantity) values (36, 49, 283, 1);
insert into OrderItems (ItemID, StockID, OrderID, Quantity) values (37, 148, 124, 9);
insert into OrderItems (ItemID, StockID, OrderID, Quantity) values (38, 79, 174, 2);
insert into OrderItems (ItemID, StockID, OrderID, Quantity) values (39, 130, 207, 3);
insert into OrderItems (ItemID, StockID, OrderID, Quantity) values (40, 141, 107, 1);
insert into OrderItems (ItemID, StockID, OrderID, Quantity) values (41, 76, 314, 10);
insert into OrderItems (ItemID, StockID, OrderID, Quantity) values (42, 149, 236, 6);
insert into OrderItems (ItemID, StockID, OrderID, Quantity) values (43, 108, 267, 2);
insert into OrderItems (ItemID, StockID, OrderID, Quantity) values (44, 159, 398, 4);
insert into OrderItems (ItemID, StockID, OrderID, Quantity) values (45, 176, 178, 6);
insert into OrderItems (ItemID, StockID, OrderID, Quantity) values (46, 16, 323, 1);
insert into OrderItems (ItemID, StockID, OrderID, Quantity) values (47, 92, 227, 8);
insert into OrderItems (ItemID, StockID, OrderID, Quantity) values (48, 116, 172, 3);
insert into OrderItems (ItemID, StockID, OrderID, Quantity) values (49, 162, 13, 1);
insert into OrderItems (ItemID, StockID, OrderID, Quantity) values (50, 8, 82, 2);
insert into OrderItems (ItemID, StockID, OrderID, Quantity) values (51, 197, 101, 3);
insert into OrderItems (ItemID, StockID, OrderID, Quantity) values (52, 27, 314, 4);
insert into OrderItems (ItemID, StockID, OrderID, Quantity) values (53, 49, 399, 9);
insert into OrderItems (ItemID, StockID, OrderID, Quantity) values (54, 112, 34, 4);
insert into OrderItems (ItemID, StockID, OrderID, Quantity) values (55, 16, 78, 9);
insert into OrderItems (ItemID, StockID, OrderID, Quantity) values (56, 76, 286, 4);
insert into OrderItems (ItemID, StockID, OrderID, Quantity) values (57, 168, 65, 2);
insert into OrderItems (ItemID, StockID, OrderID, Quantity) values (58, 107, 317, 8);
insert into OrderItems (ItemID, StockID, OrderID, Quantity) values (59, 126, 375, 9);
insert into OrderItems (ItemID, StockID, OrderID, Quantity) values (60, 189, 167, 4);
insert into OrderItems (ItemID, StockID, OrderID, Quantity) values (61, 133, 227, 7);
insert into OrderItems (ItemID, StockID, OrderID, Quantity) values (62, 138, 267, 6);
insert into OrderItems (ItemID, StockID, OrderID, Quantity) values (63, 145, 293, 3);
insert into OrderItems (ItemID, StockID, OrderID, Quantity) values (64, 74, 136, 4);
insert into OrderItems (ItemID, StockID, OrderID, Quantity) values (65, 160, 65, 5);
insert into OrderItems (ItemID, StockID, OrderID, Quantity) values (66, 129, 32, 5);
insert into OrderItems (ItemID, StockID, OrderID, Quantity) values (67, 29, 256, 6);
insert into OrderItems (ItemID, StockID, OrderID, Quantity) values (68, 78, 128, 10);
insert into OrderItems (ItemID, StockID, OrderID, Quantity) values (69, 151, 211, 8);
insert into OrderItems (ItemID, StockID, OrderID, Quantity) values (70, 63, 337, 10);
insert into OrderItems (ItemID, StockID, OrderID, Quantity) values (71, 195, 118, 8);
insert into OrderItems (ItemID, StockID, OrderID, Quantity) values (72, 86, 278, 6);
insert into OrderItems (ItemID, StockID, OrderID, Quantity) values (73, 118, 107, 9);
insert into OrderItems (ItemID, StockID, OrderID, Quantity) values (74, 44, 305, 10);
insert into OrderItems (ItemID, StockID, OrderID, Quantity) values (75, 144, 349, 2);
insert into OrderItems (ItemID, StockID, OrderID, Quantity) values (76, 153, 118, 4);
insert into OrderItems (ItemID, StockID, OrderID, Quantity) values (77, 29, 162, 9);
insert into OrderItems (ItemID, StockID, OrderID, Quantity) values (78, 22, 190, 3);
insert into OrderItems (ItemID, StockID, OrderID, Quantity) values (79, 183, 368, 1);
insert into OrderItems (ItemID, StockID, OrderID, Quantity) values (80, 53, 173, 5);
insert into OrderItems (ItemID, StockID, OrderID, Quantity) values (81, 173, 118, 10);
insert into OrderItems (ItemID, StockID, OrderID, Quantity) values (82, 12, 178, 9);
insert into OrderItems (ItemID, StockID, OrderID, Quantity) values (83, 178, 5, 9);
insert into OrderItems (ItemID, StockID, OrderID, Quantity) values (84, 30, 62, 2);
insert into OrderItems (ItemID, StockID, OrderID, Quantity) values (85, 143, 163, 9);
insert into OrderItems (ItemID, StockID, OrderID, Quantity) values (86, 109, 90, 5);
insert into OrderItems (ItemID, StockID, OrderID, Quantity) values (87, 120, 79, 7);
insert into OrderItems (ItemID, StockID, OrderID, Quantity) values (88, 118, 23, 10);
insert into OrderItems (ItemID, StockID, OrderID, Quantity) values (89, 121, 143, 5);
insert into OrderItems (ItemID, StockID, OrderID, Quantity) values (90, 7, 305, 2);
insert into OrderItems (ItemID, StockID, OrderID, Quantity) values (91, 126, 318, 1);
insert into OrderItems (ItemID, StockID, OrderID, Quantity) values (92, 80, 249, 8);
insert into OrderItems (ItemID, StockID, OrderID, Quantity) values (93, 57, 298, 9);
insert into OrderItems (ItemID, StockID, OrderID, Quantity) values (94, 150, 290, 1);
insert into OrderItems (ItemID, StockID, OrderID, Quantity) values (95, 86, 235, 7);
insert into OrderItems (ItemID, StockID, OrderID, Quantity) values (96, 12, 366, 1);
insert into OrderItems (ItemID, StockID, OrderID, Quantity) values (97, 30, 242, 7);
insert into OrderItems (ItemID, StockID, OrderID, Quantity) values (98, 31, 40, 9);
insert into OrderItems (ItemID, StockID, OrderID, Quantity) values (99, 2, 328, 3);
insert into OrderItems (ItemID, StockID, OrderID, Quantity) values (100, 21, 57, 5);
insert into OrderItems (ItemID, StockID, OrderID, Quantity) values (101, 175, 251, 3);
insert into OrderItems (ItemID, StockID, OrderID, Quantity) values (102, 38, 69, 4);
insert into OrderItems (ItemID, StockID, OrderID, Quantity) values (103, 188, 253, 7);
insert into OrderItems (ItemID, StockID, OrderID, Quantity) values (104, 165, 54, 10);
insert into OrderItems (ItemID, StockID, OrderID, Quantity) values (105, 28, 266, 1);
insert into OrderItems (ItemID, StockID, OrderID, Quantity) values (106, 158, 22, 7);
insert into OrderItems (ItemID, StockID, OrderID, Quantity) values (107, 100, 365, 1);
insert into OrderItems (ItemID, StockID, OrderID, Quantity) values (108, 194, 109, 5);
insert into OrderItems (ItemID, StockID, OrderID, Quantity) values (109, 22, 392, 6);
insert into OrderItems (ItemID, StockID, OrderID, Quantity) values (110, 139, 325, 9);
insert into OrderItems (ItemID, StockID, OrderID, Quantity) values (111, 118, 66, 10);
insert into OrderItems (ItemID, StockID, OrderID, Quantity) values (112, 165, 152, 1);
insert into OrderItems (ItemID, StockID, OrderID, Quantity) values (113, 65, 386, 7);
insert into OrderItems (ItemID, StockID, OrderID, Quantity) values (114, 151, 35, 6);
insert into OrderItems (ItemID, StockID, OrderID, Quantity) values (115, 181, 102, 2);
insert into OrderItems (ItemID, StockID, OrderID, Quantity) values (116, 125, 321, 9);
insert into OrderItems (ItemID, StockID, OrderID, Quantity) values (117, 12, 162, 4);
insert into OrderItems (ItemID, StockID, OrderID, Quantity) values (118, 146, 236, 1);
insert into OrderItems (ItemID, StockID, OrderID, Quantity) values (119, 166, 27, 7);
insert into OrderItems (ItemID, StockID, OrderID, Quantity) values (120, 120, 347, 8);
insert into OrderItems (ItemID, StockID, OrderID, Quantity) values (121, 53, 294, 3);
insert into OrderItems (ItemID, StockID, OrderID, Quantity) values (122, 175, 273, 5);
insert into OrderItems (ItemID, StockID, OrderID, Quantity) values (123, 49, 245, 5);
insert into OrderItems (ItemID, StockID, OrderID, Quantity) values (124, 55, 246, 8);
insert into OrderItems (ItemID, StockID, OrderID, Quantity) values (125, 102, 191, 7);
insert into OrderItems (ItemID, StockID, OrderID, Quantity) values (126, 6, 232, 2);
insert into OrderItems (ItemID, StockID, OrderID, Quantity) values (127, 176, 260, 2);
insert into OrderItems (ItemID, StockID, OrderID, Quantity) values (128, 16, 33, 1);
insert into OrderItems (ItemID, StockID, OrderID, Quantity) values (129, 154, 231, 4);
insert into OrderItems (ItemID, StockID, OrderID, Quantity) values (130, 168, 197, 5);
insert into OrderItems (ItemID, StockID, OrderID, Quantity) values (131, 73, 182, 9);
insert into OrderItems (ItemID, StockID, OrderID, Quantity) values (132, 155, 252, 8);
insert into OrderItems (ItemID, StockID, OrderID, Quantity) values (133, 68, 268, 3);
insert into OrderItems (ItemID, StockID, OrderID, Quantity) values (134, 120, 391, 6);
insert into OrderItems (ItemID, StockID, OrderID, Quantity) values (135, 115, 345, 2);
insert into OrderItems (ItemID, StockID, OrderID, Quantity) values (136, 161, 204, 7);
insert into OrderItems (ItemID, StockID, OrderID, Quantity) values (137, 169, 238, 3);
insert into OrderItems (ItemID, StockID, OrderID, Quantity) values (138, 168, 381, 4);
insert into OrderItems (ItemID, StockID, OrderID, Quantity) values (139, 133, 383, 10);
insert into OrderItems (ItemID, StockID, OrderID, Quantity) values (140, 14, 61, 9);
insert into OrderItems (ItemID, StockID, OrderID, Quantity) values (141, 96, 271, 2);
insert into OrderItems (ItemID, StockID, OrderID, Quantity) values (142, 122, 277, 4);
insert into OrderItems (ItemID, StockID, OrderID, Quantity) values (143, 109, 18, 2);
insert into OrderItems (ItemID, StockID, OrderID, Quantity) values (144, 142, 291, 10);
insert into OrderItems (ItemID, StockID, OrderID, Quantity) values (145, 23, 114, 4);
insert into OrderItems (ItemID, StockID, OrderID, Quantity) values (146, 5, 103, 6);
insert into OrderItems (ItemID, StockID, OrderID, Quantity) values (147, 177, 305, 7);
insert into OrderItems (ItemID, StockID, OrderID, Quantity) values (148, 53, 222, 8);
insert into OrderItems (ItemID, StockID, OrderID, Quantity) values (149, 100, 364, 1);
insert into OrderItems (ItemID, StockID, OrderID, Quantity) values (150, 157, 161, 8);
insert into OrderItems (ItemID, StockID, OrderID, Quantity) values (151, 4, 141, 8);
insert into OrderItems (ItemID, StockID, OrderID, Quantity) values (152, 129, 254, 9);
insert into OrderItems (ItemID, StockID, OrderID, Quantity) values (153, 187, 240, 6);
insert into OrderItems (ItemID, StockID, OrderID, Quantity) values (154, 192, 291, 9);
insert into OrderItems (ItemID, StockID, OrderID, Quantity) values (155, 64, 87, 8);
insert into OrderItems (ItemID, StockID, OrderID, Quantity) values (156, 134, 70, 7);
insert into OrderItems (ItemID, StockID, OrderID, Quantity) values (157, 184, 166, 5);
insert into OrderItems (ItemID, StockID, OrderID, Quantity) values (158, 35, 116, 5);
insert into OrderItems (ItemID, StockID, OrderID, Quantity) values (159, 45, 252, 9);
insert into OrderItems (ItemID, StockID, OrderID, Quantity) values (160, 11, 313, 2);
insert into OrderItems (ItemID, StockID, OrderID, Quantity) values (161, 18, 271, 6);
insert into OrderItems (ItemID, StockID, OrderID, Quantity) values (162, 2, 21, 5);
insert into OrderItems (ItemID, StockID, OrderID, Quantity) values (163, 33, 52, 7);
insert into OrderItems (ItemID, StockID, OrderID, Quantity) values (164, 5, 101, 5);
insert into OrderItems (ItemID, StockID, OrderID, Quantity) values (165, 79, 6, 3);
insert into OrderItems (ItemID, StockID, OrderID, Quantity) values (166, 84, 145, 8);
insert into OrderItems (ItemID, StockID, OrderID, Quantity) values (167, 180, 331, 4);
insert into OrderItems (ItemID, StockID, OrderID, Quantity) values (168, 108, 241, 5);
insert into OrderItems (ItemID, StockID, OrderID, Quantity) values (169, 127, 56, 10);
insert into OrderItems (ItemID, StockID, OrderID, Quantity) values (170, 177, 317, 2);
insert into OrderItems (ItemID, StockID, OrderID, Quantity) values (171, 110, 236, 8);
insert into OrderItems (ItemID, StockID, OrderID, Quantity) values (172, 84, 180, 4);
insert into OrderItems (ItemID, StockID, OrderID, Quantity) values (173, 39, 154, 5);
insert into OrderItems (ItemID, StockID, OrderID, Quantity) values (174, 72, 271, 3);
insert into OrderItems (ItemID, StockID, OrderID, Quantity) values (175, 98, 273, 1);
insert into OrderItems (ItemID, StockID, OrderID, Quantity) values (176, 165, 95, 6);
insert into OrderItems (ItemID, StockID, OrderID, Quantity) values (177, 162, 118, 1);
insert into OrderItems (ItemID, StockID, OrderID, Quantity) values (178, 174, 169, 4);
insert into OrderItems (ItemID, StockID, OrderID, Quantity) values (179, 138, 55, 6);
insert into OrderItems (ItemID, StockID, OrderID, Quantity) values (180, 184, 270, 2);
insert into OrderItems (ItemID, StockID, OrderID, Quantity) values (181, 113, 56, 5);
insert into OrderItems (ItemID, StockID, OrderID, Quantity) values (182, 158, 395, 5);
insert into OrderItems (ItemID, StockID, OrderID, Quantity) values (183, 43, 321, 2);
insert into OrderItems (ItemID, StockID, OrderID, Quantity) values (184, 12, 368, 10);
insert into OrderItems (ItemID, StockID, OrderID, Quantity) values (185, 76, 281, 6);
insert into OrderItems (ItemID, StockID, OrderID, Quantity) values (186, 155, 318, 10);
insert into OrderItems (ItemID, StockID, OrderID, Quantity) values (187, 177, 31, 1);
insert into OrderItems (ItemID, StockID, OrderID, Quantity) values (188, 100, 24, 3);
insert into OrderItems (ItemID, StockID, OrderID, Quantity) values (189, 97, 24, 8);
insert into OrderItems (ItemID, StockID, OrderID, Quantity) values (190, 5, 67, 4);
insert into OrderItems (ItemID, StockID, OrderID, Quantity) values (191, 44, 257, 3);
insert into OrderItems (ItemID, StockID, OrderID, Quantity) values (192, 29, 108, 9);
insert into OrderItems (ItemID, StockID, OrderID, Quantity) values (193, 138, 220, 2);
insert into OrderItems (ItemID, StockID, OrderID, Quantity) values (194, 1, 231, 10);
insert into OrderItems (ItemID, StockID, OrderID, Quantity) values (195, 131, 226, 8);
insert into OrderItems (ItemID, StockID, OrderID, Quantity) values (196, 15, 131, 2);
insert into OrderItems (ItemID, StockID, OrderID, Quantity) values (197, 6, 375, 8);
insert into OrderItems (ItemID, StockID, OrderID, Quantity) values (198, 128, 267, 7);
insert into OrderItems (ItemID, StockID, OrderID, Quantity) values (199, 52, 32, 7);
insert into OrderItems (ItemID, StockID, OrderID, Quantity) values (200, 181, 214, 4);
insert into OrderItems (ItemID, StockID, OrderID, Quantity) values (201, 182, 14, 3);
insert into OrderItems (ItemID, StockID, OrderID, Quantity) values (202, 136, 219, 9);
insert into OrderItems (ItemID, StockID, OrderID, Quantity) values (203, 121, 187, 10);
insert into OrderItems (ItemID, StockID, OrderID, Quantity) values (204, 3, 275, 8);
insert into OrderItems (ItemID, StockID, OrderID, Quantity) values (205, 104, 333, 10);
insert into OrderItems (ItemID, StockID, OrderID, Quantity) values (206, 171, 12, 7);
insert into OrderItems (ItemID, StockID, OrderID, Quantity) values (207, 197, 224, 1);
insert into OrderItems (ItemID, StockID, OrderID, Quantity) values (208, 179, 267, 1);
insert into OrderItems (ItemID, StockID, OrderID, Quantity) values (209, 173, 43, 3);
insert into OrderItems (ItemID, StockID, OrderID, Quantity) values (210, 172, 65, 6);
insert into OrderItems (ItemID, StockID, OrderID, Quantity) values (211, 194, 246, 9);
insert into OrderItems (ItemID, StockID, OrderID, Quantity) values (212, 16, 106, 10);
insert into OrderItems (ItemID, StockID, OrderID, Quantity) values (213, 21, 51, 4);
insert into OrderItems (ItemID, StockID, OrderID, Quantity) values (214, 73, 256, 1);
insert into OrderItems (ItemID, StockID, OrderID, Quantity) values (215, 88, 142, 9);
insert into OrderItems (ItemID, StockID, OrderID, Quantity) values (216, 115, 185, 9);
insert into OrderItems (ItemID, StockID, OrderID, Quantity) values (217, 164, 70, 3);
insert into OrderItems (ItemID, StockID, OrderID, Quantity) values (218, 82, 118, 8);
insert into OrderItems (ItemID, StockID, OrderID, Quantity) values (219, 69, 120, 5);
insert into OrderItems (ItemID, StockID, OrderID, Quantity) values (220, 48, 292, 2);
insert into OrderItems (ItemID, StockID, OrderID, Quantity) values (221, 128, 230, 1);
insert into OrderItems (ItemID, StockID, OrderID, Quantity) values (222, 164, 214, 1);
insert into OrderItems (ItemID, StockID, OrderID, Quantity) values (223, 168, 204, 9);
insert into OrderItems (ItemID, StockID, OrderID, Quantity) values (224, 141, 137, 1);
insert into OrderItems (ItemID, StockID, OrderID, Quantity) values (225, 101, 351, 7);
insert into OrderItems (ItemID, StockID, OrderID, Quantity) values (226, 35, 295, 7);
insert into OrderItems (ItemID, StockID, OrderID, Quantity) values (227, 172, 208, 10);
insert into OrderItems (ItemID, StockID, OrderID, Quantity) values (228, 157, 177, 7);
insert into OrderItems (ItemID, StockID, OrderID, Quantity) values (229, 55, 308, 3);
insert into OrderItems (ItemID, StockID, OrderID, Quantity) values (230, 103, 75, 6);
insert into OrderItems (ItemID, StockID, OrderID, Quantity) values (231, 81, 116, 9);
insert into OrderItems (ItemID, StockID, OrderID, Quantity) values (232, 161, 82, 2);
insert into OrderItems (ItemID, StockID, OrderID, Quantity) values (233, 162, 393, 10);
insert into OrderItems (ItemID, StockID, OrderID, Quantity) values (234, 181, 79, 1);
insert into OrderItems (ItemID, StockID, OrderID, Quantity) values (235, 51, 345, 8);
insert into OrderItems (ItemID, StockID, OrderID, Quantity) values (236, 166, 229, 7);
insert into OrderItems (ItemID, StockID, OrderID, Quantity) values (237, 198, 205, 8);
insert into OrderItems (ItemID, StockID, OrderID, Quantity) values (238, 42, 130, 8);
insert into OrderItems (ItemID, StockID, OrderID, Quantity) values (239, 157, 81, 3);
insert into OrderItems (ItemID, StockID, OrderID, Quantity) values (240, 48, 346, 3);
insert into OrderItems (ItemID, StockID, OrderID, Quantity) values (241, 15, 386, 2);
insert into OrderItems (ItemID, StockID, OrderID, Quantity) values (242, 4, 203, 9);
insert into OrderItems (ItemID, StockID, OrderID, Quantity) values (243, 2, 127, 3);
insert into OrderItems (ItemID, StockID, OrderID, Quantity) values (244, 81, 249, 1);
insert into OrderItems (ItemID, StockID, OrderID, Quantity) values (245, 127, 343, 9);
insert into OrderItems (ItemID, StockID, OrderID, Quantity) values (246, 22, 38, 9);
insert into OrderItems (ItemID, StockID, OrderID, Quantity) values (247, 158, 128, 6);
insert into OrderItems (ItemID, StockID, OrderID, Quantity) values (248, 157, 172, 5);
insert into OrderItems (ItemID, StockID, OrderID, Quantity) values (249, 173, 16, 9);
insert into OrderItems (ItemID, StockID, OrderID, Quantity) values (250, 18, 127, 6);
insert into OrderItems (ItemID, StockID, OrderID, Quantity) values (251, 67, 16, 5);
insert into OrderItems (ItemID, StockID, OrderID, Quantity) values (252, 46, 119, 4);
insert into OrderItems (ItemID, StockID, OrderID, Quantity) values (253, 200, 40, 2);
insert into OrderItems (ItemID, StockID, OrderID, Quantity) values (254, 169, 280, 2);
insert into OrderItems (ItemID, StockID, OrderID, Quantity) values (255, 137, 184, 1);
insert into OrderItems (ItemID, StockID, OrderID, Quantity) values (256, 84, 256, 1);
insert into OrderItems (ItemID, StockID, OrderID, Quantity) values (257, 145, 348, 8);
insert into OrderItems (ItemID, StockID, OrderID, Quantity) values (258, 29, 219, 5);
insert into OrderItems (ItemID, StockID, OrderID, Quantity) values (259, 140, 153, 9);
insert into OrderItems (ItemID, StockID, OrderID, Quantity) values (260, 72, 214, 10);
insert into OrderItems (ItemID, StockID, OrderID, Quantity) values (261, 35, 86, 2);
insert into OrderItems (ItemID, StockID, OrderID, Quantity) values (262, 91, 243, 2);
insert into OrderItems (ItemID, StockID, OrderID, Quantity) values (263, 95, 52, 6);
insert into OrderItems (ItemID, StockID, OrderID, Quantity) values (264, 182, 231, 6);
insert into OrderItems (ItemID, StockID, OrderID, Quantity) values (265, 168, 334, 1);
insert into OrderItems (ItemID, StockID, OrderID, Quantity) values (266, 80, 116, 6);
insert into OrderItems (ItemID, StockID, OrderID, Quantity) values (267, 19, 136, 1);
insert into OrderItems (ItemID, StockID, OrderID, Quantity) values (268, 110, 22, 9);
insert into OrderItems (ItemID, StockID, OrderID, Quantity) values (269, 156, 79, 8);
insert into OrderItems (ItemID, StockID, OrderID, Quantity) values (270, 138, 339, 6);
insert into OrderItems (ItemID, StockID, OrderID, Quantity) values (271, 23, 149, 2);
insert into OrderItems (ItemID, StockID, OrderID, Quantity) values (272, 159, 55, 2);
insert into OrderItems (ItemID, StockID, OrderID, Quantity) values (273, 97, 124, 8);
insert into OrderItems (ItemID, StockID, OrderID, Quantity) values (274, 87, 268, 6);
insert into OrderItems (ItemID, StockID, OrderID, Quantity) values (275, 41, 159, 4);
insert into OrderItems (ItemID, StockID, OrderID, Quantity) values (276, 176, 232, 1);
insert into OrderItems (ItemID, StockID, OrderID, Quantity) values (277, 113, 49, 8);
insert into OrderItems (ItemID, StockID, OrderID, Quantity) values (278, 33, 146, 9);
insert into OrderItems (ItemID, StockID, OrderID, Quantity) values (279, 81, 133, 9);
insert into OrderItems (ItemID, StockID, OrderID, Quantity) values (280, 25, 96, 5);
insert into OrderItems (ItemID, StockID, OrderID, Quantity) values (281, 200, 34, 5);
insert into OrderItems (ItemID, StockID, OrderID, Quantity) values (282, 104, 183, 8);
insert into OrderItems (ItemID, StockID, OrderID, Quantity) values (283, 143, 102, 1);
insert into OrderItems (ItemID, StockID, OrderID, Quantity) values (284, 122, 338, 1);
insert into OrderItems (ItemID, StockID, OrderID, Quantity) values (285, 187, 307, 1);
insert into OrderItems (ItemID, StockID, OrderID, Quantity) values (286, 35, 390, 2);
insert into OrderItems (ItemID, StockID, OrderID, Quantity) values (287, 173, 334, 1);
insert into OrderItems (ItemID, StockID, OrderID, Quantity) values (288, 104, 148, 7);
insert into OrderItems (ItemID, StockID, OrderID, Quantity) values (289, 45, 225, 9);
insert into OrderItems (ItemID, StockID, OrderID, Quantity) values (290, 36, 233, 7);
insert into OrderItems (ItemID, StockID, OrderID, Quantity) values (291, 158, 377, 3);
insert into OrderItems (ItemID, StockID, OrderID, Quantity) values (292, 155, 191, 9);
insert into OrderItems (ItemID, StockID, OrderID, Quantity) values (293, 137, 160, 10);
insert into OrderItems (ItemID, StockID, OrderID, Quantity) values (294, 191, 223, 5);
insert into OrderItems (ItemID, StockID, OrderID, Quantity) values (295, 15, 360, 10);
insert into OrderItems (ItemID, StockID, OrderID, Quantity) values (296, 94, 220, 8);
insert into OrderItems (ItemID, StockID, OrderID, Quantity) values (297, 102, 202, 10);
insert into OrderItems (ItemID, StockID, OrderID, Quantity) values (298, 99, 296, 6);
insert into OrderItems (ItemID, StockID, OrderID, Quantity) values (299, 42, 226, 7);
insert into OrderItems (ItemID, StockID, OrderID, Quantity) values (300, 191, 196, 3);
insert into OrderItems (ItemID, StockID, OrderID, Quantity) values (301, 66, 295, 8);
insert into OrderItems (ItemID, StockID, OrderID, Quantity) values (302, 119, 180, 8);
insert into OrderItems (ItemID, StockID, OrderID, Quantity) values (303, 169, 364, 1);
insert into OrderItems (ItemID, StockID, OrderID, Quantity) values (304, 153, 328, 1);
insert into OrderItems (ItemID, StockID, OrderID, Quantity) values (305, 104, 43, 7);
insert into OrderItems (ItemID, StockID, OrderID, Quantity) values (306, 107, 298, 5);
insert into OrderItems (ItemID, StockID, OrderID, Quantity) values (307, 159, 125, 9);
insert into OrderItems (ItemID, StockID, OrderID, Quantity) values (308, 71, 261, 5);
insert into OrderItems (ItemID, StockID, OrderID, Quantity) values (309, 185, 11, 2);
insert into OrderItems (ItemID, StockID, OrderID, Quantity) values (310, 83, 305, 2);
insert into OrderItems (ItemID, StockID, OrderID, Quantity) values (311, 35, 99, 8);
insert into OrderItems (ItemID, StockID, OrderID, Quantity) values (312, 126, 344, 8);
insert into OrderItems (ItemID, StockID, OrderID, Quantity) values (313, 31, 216, 10);
insert into OrderItems (ItemID, StockID, OrderID, Quantity) values (314, 23, 85, 4);
insert into OrderItems (ItemID, StockID, OrderID, Quantity) values (315, 33, 225, 3);
insert into OrderItems (ItemID, StockID, OrderID, Quantity) values (316, 106, 76, 6);
insert into OrderItems (ItemID, StockID, OrderID, Quantity) values (317, 20, 226, 10);
insert into OrderItems (ItemID, StockID, OrderID, Quantity) values (318, 71, 180, 4);
insert into OrderItems (ItemID, StockID, OrderID, Quantity) values (319, 65, 129, 4);
insert into OrderItems (ItemID, StockID, OrderID, Quantity) values (320, 34, 394, 4);
insert into OrderItems (ItemID, StockID, OrderID, Quantity) values (321, 175, 22, 9);
insert into OrderItems (ItemID, StockID, OrderID, Quantity) values (322, 55, 157, 9);
insert into OrderItems (ItemID, StockID, OrderID, Quantity) values (323, 76, 383, 6);
insert into OrderItems (ItemID, StockID, OrderID, Quantity) values (324, 156, 213, 10);
insert into OrderItems (ItemID, StockID, OrderID, Quantity) values (325, 113, 312, 8);
insert into OrderItems (ItemID, StockID, OrderID, Quantity) values (326, 11, 118, 7);
insert into OrderItems (ItemID, StockID, OrderID, Quantity) values (327, 193, 54, 10);
insert into OrderItems (ItemID, StockID, OrderID, Quantity) values (328, 27, 45, 1);
insert into OrderItems (ItemID, StockID, OrderID, Quantity) values (329, 100, 129, 3);
insert into OrderItems (ItemID, StockID, OrderID, Quantity) values (330, 129, 209, 1);
insert into OrderItems (ItemID, StockID, OrderID, Quantity) values (331, 89, 57, 8);
insert into OrderItems (ItemID, StockID, OrderID, Quantity) values (332, 186, 322, 7);
insert into OrderItems (ItemID, StockID, OrderID, Quantity) values (333, 80, 242, 2);
insert into OrderItems (ItemID, StockID, OrderID, Quantity) values (334, 96, 233, 1);
insert into OrderItems (ItemID, StockID, OrderID, Quantity) values (335, 111, 228, 7);
insert into OrderItems (ItemID, StockID, OrderID, Quantity) values (336, 97, 395, 9);
insert into OrderItems (ItemID, StockID, OrderID, Quantity) values (337, 139, 96, 1);
insert into OrderItems (ItemID, StockID, OrderID, Quantity) values (338, 78, 214, 2);
insert into OrderItems (ItemID, StockID, OrderID, Quantity) values (339, 127, 329, 8);
insert into OrderItems (ItemID, StockID, OrderID, Quantity) values (340, 13, 120, 10);
insert into OrderItems (ItemID, StockID, OrderID, Quantity) values (341, 142, 155, 2);
insert into OrderItems (ItemID, StockID, OrderID, Quantity) values (342, 122, 244, 4);
insert into OrderItems (ItemID, StockID, OrderID, Quantity) values (343, 190, 280, 9);
insert into OrderItems (ItemID, StockID, OrderID, Quantity) values (344, 27, 157, 5);
insert into OrderItems (ItemID, StockID, OrderID, Quantity) values (345, 193, 365, 6);
insert into OrderItems (ItemID, StockID, OrderID, Quantity) values (346, 31, 130, 1);
insert into OrderItems (ItemID, StockID, OrderID, Quantity) values (347, 113, 33, 2);
insert into OrderItems (ItemID, StockID, OrderID, Quantity) values (348, 31, 177, 3);
insert into OrderItems (ItemID, StockID, OrderID, Quantity) values (349, 162, 95, 10);
insert into OrderItems (ItemID, StockID, OrderID, Quantity) values (350, 180, 134, 2);
insert into OrderItems (ItemID, StockID, OrderID, Quantity) values (351, 175, 88, 2);
insert into OrderItems (ItemID, StockID, OrderID, Quantity) values (352, 139, 21, 3);
insert into OrderItems (ItemID, StockID, OrderID, Quantity) values (353, 29, 57, 1);
insert into OrderItems (ItemID, StockID, OrderID, Quantity) values (354, 79, 338, 5);
insert into OrderItems (ItemID, StockID, OrderID, Quantity) values (355, 57, 54, 7);
insert into OrderItems (ItemID, StockID, OrderID, Quantity) values (356, 10, 66, 6);
insert into OrderItems (ItemID, StockID, OrderID, Quantity) values (357, 189, 253, 4);
insert into OrderItems (ItemID, StockID, OrderID, Quantity) values (358, 119, 282, 2);
insert into OrderItems (ItemID, StockID, OrderID, Quantity) values (359, 148, 321, 7);
insert into OrderItems (ItemID, StockID, OrderID, Quantity) values (360, 124, 19, 4);
insert into OrderItems (ItemID, StockID, OrderID, Quantity) values (361, 114, 132, 5);
insert into OrderItems (ItemID, StockID, OrderID, Quantity) values (362, 168, 44, 10);
insert into OrderItems (ItemID, StockID, OrderID, Quantity) values (363, 105, 353, 10);
insert into OrderItems (ItemID, StockID, OrderID, Quantity) values (364, 32, 243, 6);
insert into OrderItems (ItemID, StockID, OrderID, Quantity) values (365, 131, 351, 4);
insert into OrderItems (ItemID, StockID, OrderID, Quantity) values (366, 5, 155, 2);
insert into OrderItems (ItemID, StockID, OrderID, Quantity) values (367, 111, 143, 7);
insert into OrderItems (ItemID, StockID, OrderID, Quantity) values (368, 69, 272, 5);
insert into OrderItems (ItemID, StockID, OrderID, Quantity) values (369, 148, 198, 8);
insert into OrderItems (ItemID, StockID, OrderID, Quantity) values (370, 175, 29, 4);
insert into OrderItems (ItemID, StockID, OrderID, Quantity) values (371, 98, 367, 8);
insert into OrderItems (ItemID, StockID, OrderID, Quantity) values (372, 159, 294, 6);
insert into OrderItems (ItemID, StockID, OrderID, Quantity) values (373, 162, 197, 10);
insert into OrderItems (ItemID, StockID, OrderID, Quantity) values (374, 42, 153, 6);
insert into OrderItems (ItemID, StockID, OrderID, Quantity) values (375, 50, 229, 4);
insert into OrderItems (ItemID, StockID, OrderID, Quantity) values (376, 59, 151, 3);
insert into OrderItems (ItemID, StockID, OrderID, Quantity) values (377, 17, 302, 8);
insert into OrderItems (ItemID, StockID, OrderID, Quantity) values (378, 70, 172, 2);
insert into OrderItems (ItemID, StockID, OrderID, Quantity) values (379, 89, 75, 1);
insert into OrderItems (ItemID, StockID, OrderID, Quantity) values (380, 115, 68, 2);
insert into OrderItems (ItemID, StockID, OrderID, Quantity) values (381, 142, 132, 3);
insert into OrderItems (ItemID, StockID, OrderID, Quantity) values (382, 194, 396, 10);
insert into OrderItems (ItemID, StockID, OrderID, Quantity) values (383, 142, 289, 1);
insert into OrderItems (ItemID, StockID, OrderID, Quantity) values (384, 159, 35, 10);
insert into OrderItems (ItemID, StockID, OrderID, Quantity) values (385, 27, 107, 1);
insert into OrderItems (ItemID, StockID, OrderID, Quantity) values (386, 122, 80, 6);
insert into OrderItems (ItemID, StockID, OrderID, Quantity) values (387, 97, 273, 7);
insert into OrderItems (ItemID, StockID, OrderID, Quantity) values (388, 50, 112, 10);
insert into OrderItems (ItemID, StockID, OrderID, Quantity) values (389, 95, 218, 9);
insert into OrderItems (ItemID, StockID, OrderID, Quantity) values (390, 5, 1, 7);
insert into OrderItems (ItemID, StockID, OrderID, Quantity) values (391, 145, 219, 5);
insert into OrderItems (ItemID, StockID, OrderID, Quantity) values (392, 67, 217, 9);
insert into OrderItems (ItemID, StockID, OrderID, Quantity) values (393, 33, 215, 7);
insert into OrderItems (ItemID, StockID, OrderID, Quantity) values (394, 135, 258, 10);
insert into OrderItems (ItemID, StockID, OrderID, Quantity) values (395, 119, 327, 9);
insert into OrderItems (ItemID, StockID, OrderID, Quantity) values (396, 159, 148, 8);
insert into OrderItems (ItemID, StockID, OrderID, Quantity) values (397, 43, 45, 2);
insert into OrderItems (ItemID, StockID, OrderID, Quantity) values (398, 61, 328, 6);
insert into OrderItems (ItemID, StockID, OrderID, Quantity) values (399, 103, 72, 6);
insert into OrderItems (ItemID, StockID, OrderID, Quantity) values (400, 99, 120, 4);
insert into OrderItems (ItemID, StockID, OrderID, Quantity) values (401, 84, 158, 1);
insert into OrderItems (ItemID, StockID, OrderID, Quantity) values (402, 151, 240, 7);
insert into OrderItems (ItemID, StockID, OrderID, Quantity) values (403, 95, 144, 8);
insert into OrderItems (ItemID, StockID, OrderID, Quantity) values (404, 173, 354, 3);
insert into OrderItems (ItemID, StockID, OrderID, Quantity) values (405, 5, 50, 7);
insert into OrderItems (ItemID, StockID, OrderID, Quantity) values (406, 20, 124, 3);
insert into OrderItems (ItemID, StockID, OrderID, Quantity) values (407, 159, 133, 7);
insert into OrderItems (ItemID, StockID, OrderID, Quantity) values (408, 165, 205, 9);
insert into OrderItems (ItemID, StockID, OrderID, Quantity) values (409, 57, 381, 8);
insert into OrderItems (ItemID, StockID, OrderID, Quantity) values (410, 39, 197, 7);
insert into OrderItems (ItemID, StockID, OrderID, Quantity) values (411, 156, 362, 10);
insert into OrderItems (ItemID, StockID, OrderID, Quantity) values (412, 53, 308, 6);
insert into OrderItems (ItemID, StockID, OrderID, Quantity) values (413, 114, 206, 3);
insert into OrderItems (ItemID, StockID, OrderID, Quantity) values (414, 82, 339, 5);
insert into OrderItems (ItemID, StockID, OrderID, Quantity) values (415, 168, 260, 10);
insert into OrderItems (ItemID, StockID, OrderID, Quantity) values (416, 123, 273, 10);
insert into OrderItems (ItemID, StockID, OrderID, Quantity) values (417, 161, 343, 1);
insert into OrderItems (ItemID, StockID, OrderID, Quantity) values (418, 12, 278, 10);
insert into OrderItems (ItemID, StockID, OrderID, Quantity) values (419, 74, 287, 2);
insert into OrderItems (ItemID, StockID, OrderID, Quantity) values (420, 168, 12, 1);
insert into OrderItems (ItemID, StockID, OrderID, Quantity) values (421, 46, 331, 3);
insert into OrderItems (ItemID, StockID, OrderID, Quantity) values (422, 47, 250, 3);
insert into OrderItems (ItemID, StockID, OrderID, Quantity) values (423, 71, 322, 1);
insert into OrderItems (ItemID, StockID, OrderID, Quantity) values (424, 151, 145, 2);
insert into OrderItems (ItemID, StockID, OrderID, Quantity) values (425, 90, 249, 8);
insert into OrderItems (ItemID, StockID, OrderID, Quantity) values (426, 64, 318, 7);
insert into OrderItems (ItemID, StockID, OrderID, Quantity) values (427, 197, 68, 3);
insert into OrderItems (ItemID, StockID, OrderID, Quantity) values (428, 200, 128, 3);
insert into OrderItems (ItemID, StockID, OrderID, Quantity) values (429, 68, 154, 10);
insert into OrderItems (ItemID, StockID, OrderID, Quantity) values (430, 165, 128, 8);
insert into OrderItems (ItemID, StockID, OrderID, Quantity) values (431, 85, 95, 8);
insert into OrderItems (ItemID, StockID, OrderID, Quantity) values (432, 198, 102, 3);
insert into OrderItems (ItemID, StockID, OrderID, Quantity) values (433, 180, 308, 5);
insert into OrderItems (ItemID, StockID, OrderID, Quantity) values (434, 196, 141, 1);
insert into OrderItems (ItemID, StockID, OrderID, Quantity) values (435, 23, 17, 3);
insert into OrderItems (ItemID, StockID, OrderID, Quantity) values (436, 122, 374, 6);
insert into OrderItems (ItemID, StockID, OrderID, Quantity) values (437, 5, 210, 2);
insert into OrderItems (ItemID, StockID, OrderID, Quantity) values (438, 113, 157, 5);
insert into OrderItems (ItemID, StockID, OrderID, Quantity) values (439, 57, 47, 10);
insert into OrderItems (ItemID, StockID, OrderID, Quantity) values (440, 178, 181, 9);
insert into OrderItems (ItemID, StockID, OrderID, Quantity) values (441, 98, 12, 7);
insert into OrderItems (ItemID, StockID, OrderID, Quantity) values (442, 150, 186, 9);
insert into OrderItems (ItemID, StockID, OrderID, Quantity) values (443, 68, 9, 2);
insert into OrderItems (ItemID, StockID, OrderID, Quantity) values (444, 66, 343, 9);
insert into OrderItems (ItemID, StockID, OrderID, Quantity) values (445, 190, 61, 4);
insert into OrderItems (ItemID, StockID, OrderID, Quantity) values (446, 13, 331, 8);
insert into OrderItems (ItemID, StockID, OrderID, Quantity) values (447, 191, 117, 8);
insert into OrderItems (ItemID, StockID, OrderID, Quantity) values (448, 119, 131, 10);
insert into OrderItems (ItemID, StockID, OrderID, Quantity) values (449, 74, 95, 3);
insert into OrderItems (ItemID, StockID, OrderID, Quantity) values (450, 118, 116, 1);
insert into OrderItems (ItemID, StockID, OrderID, Quantity) values (451, 96, 161, 10);
insert into OrderItems (ItemID, StockID, OrderID, Quantity) values (452, 165, 54, 6);
insert into OrderItems (ItemID, StockID, OrderID, Quantity) values (453, 173, 381, 6);
insert into OrderItems (ItemID, StockID, OrderID, Quantity) values (454, 97, 32, 10);
insert into OrderItems (ItemID, StockID, OrderID, Quantity) values (455, 143, 11, 1);
insert into OrderItems (ItemID, StockID, OrderID, Quantity) values (456, 31, 93, 6);
insert into OrderItems (ItemID, StockID, OrderID, Quantity) values (457, 5, 281, 5);
insert into OrderItems (ItemID, StockID, OrderID, Quantity) values (458, 171, 335, 7);
insert into OrderItems (ItemID, StockID, OrderID, Quantity) values (459, 146, 73, 5);
insert into OrderItems (ItemID, StockID, OrderID, Quantity) values (460, 27, 65, 10);
insert into OrderItems (ItemID, StockID, OrderID, Quantity) values (461, 49, 106, 9);
insert into OrderItems (ItemID, StockID, OrderID, Quantity) values (462, 147, 148, 2);
insert into OrderItems (ItemID, StockID, OrderID, Quantity) values (463, 194, 342, 5);
insert into OrderItems (ItemID, StockID, OrderID, Quantity) values (464, 1, 390, 8);
insert into OrderItems (ItemID, StockID, OrderID, Quantity) values (465, 166, 198, 8);
insert into OrderItems (ItemID, StockID, OrderID, Quantity) values (466, 98, 223, 9);
insert into OrderItems (ItemID, StockID, OrderID, Quantity) values (467, 92, 206, 4);
insert into OrderItems (ItemID, StockID, OrderID, Quantity) values (468, 59, 208, 8);
insert into OrderItems (ItemID, StockID, OrderID, Quantity) values (469, 141, 247, 4);
insert into OrderItems (ItemID, StockID, OrderID, Quantity) values (470, 60, 64, 8);
insert into OrderItems (ItemID, StockID, OrderID, Quantity) values (471, 9, 322, 3);
insert into OrderItems (ItemID, StockID, OrderID, Quantity) values (472, 107, 182, 5);
insert into OrderItems (ItemID, StockID, OrderID, Quantity) values (473, 58, 322, 8);
insert into OrderItems (ItemID, StockID, OrderID, Quantity) values (474, 123, 107, 8);
insert into OrderItems (ItemID, StockID, OrderID, Quantity) values (475, 121, 188, 7);
insert into OrderItems (ItemID, StockID, OrderID, Quantity) values (476, 196, 113, 8);
insert into OrderItems (ItemID, StockID, OrderID, Quantity) values (477, 174, 49, 8);
insert into OrderItems (ItemID, StockID, OrderID, Quantity) values (478, 143, 200, 10);
insert into OrderItems (ItemID, StockID, OrderID, Quantity) values (479, 101, 42, 7);
insert into OrderItems (ItemID, StockID, OrderID, Quantity) values (480, 82, 389, 3);
insert into OrderItems (ItemID, StockID, OrderID, Quantity) values (481, 173, 260, 4);
insert into OrderItems (ItemID, StockID, OrderID, Quantity) values (482, 100, 101, 10);
insert into OrderItems (ItemID, StockID, OrderID, Quantity) values (483, 94, 94, 7);
insert into OrderItems (ItemID, StockID, OrderID, Quantity) values (484, 113, 268, 2);
insert into OrderItems (ItemID, StockID, OrderID, Quantity) values (485, 34, 278, 3);
insert into OrderItems (ItemID, StockID, OrderID, Quantity) values (486, 98, 249, 5);
insert into OrderItems (ItemID, StockID, OrderID, Quantity) values (487, 198, 35, 8);
insert into OrderItems (ItemID, StockID, OrderID, Quantity) values (488, 121, 31, 10);
insert into OrderItems (ItemID, StockID, OrderID, Quantity) values (489, 89, 201, 5);
insert into OrderItems (ItemID, StockID, OrderID, Quantity) values (490, 10, 340, 2);
insert into OrderItems (ItemID, StockID, OrderID, Quantity) values (491, 6, 111, 10);
insert into OrderItems (ItemID, StockID, OrderID, Quantity) values (492, 144, 170, 6);
insert into OrderItems (ItemID, StockID, OrderID, Quantity) values (493, 120, 20, 6);
insert into OrderItems (ItemID, StockID, OrderID, Quantity) values (494, 189, 97, 5);
insert into OrderItems (ItemID, StockID, OrderID, Quantity) values (495, 59, 87, 8);
insert into OrderItems (ItemID, StockID, OrderID, Quantity) values (496, 147, 213, 1);
insert into OrderItems (ItemID, StockID, OrderID, Quantity) values (497, 96, 15, 10);
insert into OrderItems (ItemID, StockID, OrderID, Quantity) values (498, 181, 283, 1);
insert into OrderItems (ItemID, StockID, OrderID, Quantity) values (499, 127, 313, 5);
insert into OrderItems (ItemID, StockID, OrderID, Quantity) values (500, 9, 198, 4);
insert into OrderItems (ItemID, StockID, OrderID, Quantity) values (501, 125, 84, 10);
insert into OrderItems (ItemID, StockID, OrderID, Quantity) values (502, 194, 127, 2);
insert into OrderItems (ItemID, StockID, OrderID, Quantity) values (503, 17, 53, 1);
insert into OrderItems (ItemID, StockID, OrderID, Quantity) values (504, 134, 108, 2);
insert into OrderItems (ItemID, StockID, OrderID, Quantity) values (505, 149, 255, 4);
insert into OrderItems (ItemID, StockID, OrderID, Quantity) values (506, 46, 300, 7);
insert into OrderItems (ItemID, StockID, OrderID, Quantity) values (507, 71, 347, 4);
insert into OrderItems (ItemID, StockID, OrderID, Quantity) values (508, 55, 15, 7);
insert into OrderItems (ItemID, StockID, OrderID, Quantity) values (509, 143, 297, 5);
insert into OrderItems (ItemID, StockID, OrderID, Quantity) values (510, 139, 104, 9);
insert into OrderItems (ItemID, StockID, OrderID, Quantity) values (511, 81, 274, 3);
insert into OrderItems (ItemID, StockID, OrderID, Quantity) values (512, 136, 76, 4);
insert into OrderItems (ItemID, StockID, OrderID, Quantity) values (513, 100, 239, 10);
insert into OrderItems (ItemID, StockID, OrderID, Quantity) values (514, 155, 286, 1);
insert into OrderItems (ItemID, StockID, OrderID, Quantity) values (515, 109, 338, 2);
insert into OrderItems (ItemID, StockID, OrderID, Quantity) values (516, 197, 369, 9);
insert into OrderItems (ItemID, StockID, OrderID, Quantity) values (517, 156, 347, 2);
insert into OrderItems (ItemID, StockID, OrderID, Quantity) values (518, 159, 163, 10);
insert into OrderItems (ItemID, StockID, OrderID, Quantity) values (519, 57, 22, 9);
insert into OrderItems (ItemID, StockID, OrderID, Quantity) values (520, 57, 243, 10);
insert into OrderItems (ItemID, StockID, OrderID, Quantity) values (521, 43, 213, 6);
insert into OrderItems (ItemID, StockID, OrderID, Quantity) values (522, 25, 5, 10);
insert into OrderItems (ItemID, StockID, OrderID, Quantity) values (523, 96, 115, 9);
insert into OrderItems (ItemID, StockID, OrderID, Quantity) values (524, 135, 340, 4);
insert into OrderItems (ItemID, StockID, OrderID, Quantity) values (525, 93, 313, 8);
insert into OrderItems (ItemID, StockID, OrderID, Quantity) values (526, 57, 309, 5);
insert into OrderItems (ItemID, StockID, OrderID, Quantity) values (527, 140, 307, 6);
insert into OrderItems (ItemID, StockID, OrderID, Quantity) values (528, 188, 309, 7);
insert into OrderItems (ItemID, StockID, OrderID, Quantity) values (529, 52, 139, 5);
insert into OrderItems (ItemID, StockID, OrderID, Quantity) values (530, 16, 40, 4);
insert into OrderItems (ItemID, StockID, OrderID, Quantity) values (531, 12, 28, 3);
insert into OrderItems (ItemID, StockID, OrderID, Quantity) values (532, 198, 98, 3);
insert into OrderItems (ItemID, StockID, OrderID, Quantity) values (533, 70, 241, 5);
insert into OrderItems (ItemID, StockID, OrderID, Quantity) values (534, 43, 322, 4);
insert into OrderItems (ItemID, StockID, OrderID, Quantity) values (535, 17, 311, 9);
insert into OrderItems (ItemID, StockID, OrderID, Quantity) values (536, 50, 362, 6);
insert into OrderItems (ItemID, StockID, OrderID, Quantity) values (537, 119, 263, 8);
insert into OrderItems (ItemID, StockID, OrderID, Quantity) values (538, 133, 277, 10);
insert into OrderItems (ItemID, StockID, OrderID, Quantity) values (539, 70, 224, 10);
insert into OrderItems (ItemID, StockID, OrderID, Quantity) values (540, 115, 356, 7);
insert into OrderItems (ItemID, StockID, OrderID, Quantity) values (541, 159, 47, 10);
insert into OrderItems (ItemID, StockID, OrderID, Quantity) values (542, 154, 87, 7);
insert into OrderItems (ItemID, StockID, OrderID, Quantity) values (543, 50, 97, 9);
insert into OrderItems (ItemID, StockID, OrderID, Quantity) values (544, 91, 326, 1);
insert into OrderItems (ItemID, StockID, OrderID, Quantity) values (545, 22, 24, 9);
insert into OrderItems (ItemID, StockID, OrderID, Quantity) values (546, 31, 388, 3);
insert into OrderItems (ItemID, StockID, OrderID, Quantity) values (547, 12, 256, 4);
insert into OrderItems (ItemID, StockID, OrderID, Quantity) values (548, 25, 151, 6);
insert into OrderItems (ItemID, StockID, OrderID, Quantity) values (549, 44, 46, 1);
insert into OrderItems (ItemID, StockID, OrderID, Quantity) values (550, 37, 89, 3);
insert into OrderItems (ItemID, StockID, OrderID, Quantity) values (551, 45, 187, 1);
insert into OrderItems (ItemID, StockID, OrderID, Quantity) values (552, 15, 187, 2);
insert into OrderItems (ItemID, StockID, OrderID, Quantity) values (553, 47, 303, 4);
insert into OrderItems (ItemID, StockID, OrderID, Quantity) values (554, 40, 175, 4);
insert into OrderItems (ItemID, StockID, OrderID, Quantity) values (555, 174, 224, 2);
insert into OrderItems (ItemID, StockID, OrderID, Quantity) values (556, 182, 90, 7);
insert into OrderItems (ItemID, StockID, OrderID, Quantity) values (557, 196, 141, 7);
insert into OrderItems (ItemID, StockID, OrderID, Quantity) values (558, 45, 262, 5);
insert into OrderItems (ItemID, StockID, OrderID, Quantity) values (559, 52, 216, 7);
insert into OrderItems (ItemID, StockID, OrderID, Quantity) values (560, 73, 276, 8);
insert into OrderItems (ItemID, StockID, OrderID, Quantity) values (561, 52, 189, 6);
insert into OrderItems (ItemID, StockID, OrderID, Quantity) values (562, 42, 142, 4);
insert into OrderItems (ItemID, StockID, OrderID, Quantity) values (563, 190, 335, 1);
insert into OrderItems (ItemID, StockID, OrderID, Quantity) values (564, 163, 185, 10);
insert into OrderItems (ItemID, StockID, OrderID, Quantity) values (565, 41, 87, 4);
insert into OrderItems (ItemID, StockID, OrderID, Quantity) values (566, 138, 365, 9);
insert into OrderItems (ItemID, StockID, OrderID, Quantity) values (567, 136, 218, 1);
insert into OrderItems (ItemID, StockID, OrderID, Quantity) values (568, 9, 291, 3);
insert into OrderItems (ItemID, StockID, OrderID, Quantity) values (569, 188, 181, 4);
insert into OrderItems (ItemID, StockID, OrderID, Quantity) values (570, 43, 189, 9);
insert into OrderItems (ItemID, StockID, OrderID, Quantity) values (571, 61, 268, 2);
insert into OrderItems (ItemID, StockID, OrderID, Quantity) values (572, 67, 116, 1);
insert into OrderItems (ItemID, StockID, OrderID, Quantity) values (573, 148, 103, 8);
insert into OrderItems (ItemID, StockID, OrderID, Quantity) values (574, 180, 3, 3);
insert into OrderItems (ItemID, StockID, OrderID, Quantity) values (575, 148, 38, 7);
insert into OrderItems (ItemID, StockID, OrderID, Quantity) values (576, 190, 95, 6);
insert into OrderItems (ItemID, StockID, OrderID, Quantity) values (577, 157, 87, 9);
insert into OrderItems (ItemID, StockID, OrderID, Quantity) values (578, 93, 201, 7);
insert into OrderItems (ItemID, StockID, OrderID, Quantity) values (579, 89, 333, 9);
insert into OrderItems (ItemID, StockID, OrderID, Quantity) values (580, 4, 204, 2);
insert into OrderItems (ItemID, StockID, OrderID, Quantity) values (581, 40, 100, 10);
insert into OrderItems (ItemID, StockID, OrderID, Quantity) values (582, 160, 46, 2);
insert into OrderItems (ItemID, StockID, OrderID, Quantity) values (583, 10, 1, 6);
insert into OrderItems (ItemID, StockID, OrderID, Quantity) values (584, 160, 253, 4);
insert into OrderItems (ItemID, StockID, OrderID, Quantity) values (585, 170, 284, 5);
insert into OrderItems (ItemID, StockID, OrderID, Quantity) values (586, 67, 100, 4);
insert into OrderItems (ItemID, StockID, OrderID, Quantity) values (587, 196, 226, 4);
insert into OrderItems (ItemID, StockID, OrderID, Quantity) values (588, 6, 320, 2);
insert into OrderItems (ItemID, StockID, OrderID, Quantity) values (589, 117, 19, 7);
insert into OrderItems (ItemID, StockID, OrderID, Quantity) values (590, 183, 10, 2);
insert into OrderItems (ItemID, StockID, OrderID, Quantity) values (591, 113, 143, 8);
insert into OrderItems (ItemID, StockID, OrderID, Quantity) values (592, 170, 93, 10);
insert into OrderItems (ItemID, StockID, OrderID, Quantity) values (593, 113, 342, 3);
insert into OrderItems (ItemID, StockID, OrderID, Quantity) values (594, 18, 398, 9);
insert into OrderItems (ItemID, StockID, OrderID, Quantity) values (595, 106, 287, 8);
insert into OrderItems (ItemID, StockID, OrderID, Quantity) values (596, 141, 386, 4);
insert into OrderItems (ItemID, StockID, OrderID, Quantity) values (597, 52, 87, 4);
insert into OrderItems (ItemID, StockID, OrderID, Quantity) values (598, 89, 200, 3);
insert into OrderItems (ItemID, StockID, OrderID, Quantity) values (599, 127, 199, 5);
insert into OrderItems (ItemID, StockID, OrderID, Quantity) values (600, 128, 188, 9);
insert into OrderItems (ItemID, StockID, OrderID, Quantity) values (601, 11, 121, 9);
insert into OrderItems (ItemID, StockID, OrderID, Quantity) values (602, 56, 164, 2);
insert into OrderItems (ItemID, StockID, OrderID, Quantity) values (603, 108, 154, 5);
insert into OrderItems (ItemID, StockID, OrderID, Quantity) values (604, 19, 221, 8);
insert into OrderItems (ItemID, StockID, OrderID, Quantity) values (605, 168, 206, 8);
insert into OrderItems (ItemID, StockID, OrderID, Quantity) values (606, 22, 272, 4);
insert into OrderItems (ItemID, StockID, OrderID, Quantity) values (607, 99, 240, 3);
insert into OrderItems (ItemID, StockID, OrderID, Quantity) values (608, 69, 139, 6);
insert into OrderItems (ItemID, StockID, OrderID, Quantity) values (609, 158, 90, 2);
insert into OrderItems (ItemID, StockID, OrderID, Quantity) values (610, 8, 59, 9);
insert into OrderItems (ItemID, StockID, OrderID, Quantity) values (611, 163, 178, 10);
insert into OrderItems (ItemID, StockID, OrderID, Quantity) values (612, 55, 171, 6);
insert into OrderItems (ItemID, StockID, OrderID, Quantity) values (613, 108, 347, 9);
insert into OrderItems (ItemID, StockID, OrderID, Quantity) values (614, 19, 369, 5);
insert into OrderItems (ItemID, StockID, OrderID, Quantity) values (615, 85, 217, 2);
insert into OrderItems (ItemID, StockID, OrderID, Quantity) values (616, 199, 189, 7);
insert into OrderItems (ItemID, StockID, OrderID, Quantity) values (617, 136, 227, 4);
insert into OrderItems (ItemID, StockID, OrderID, Quantity) values (618, 170, 54, 1);
insert into OrderItems (ItemID, StockID, OrderID, Quantity) values (619, 49, 295, 9);
insert into OrderItems (ItemID, StockID, OrderID, Quantity) values (620, 189, 13, 5);
insert into OrderItems (ItemID, StockID, OrderID, Quantity) values (621, 52, 226, 5);
insert into OrderItems (ItemID, StockID, OrderID, Quantity) values (622, 108, 336, 3);
insert into OrderItems (ItemID, StockID, OrderID, Quantity) values (623, 198, 43, 7);
insert into OrderItems (ItemID, StockID, OrderID, Quantity) values (624, 117, 299, 1);
insert into OrderItems (ItemID, StockID, OrderID, Quantity) values (625, 78, 376, 5);
insert into OrderItems (ItemID, StockID, OrderID, Quantity) values (626, 142, 397, 7);
insert into OrderItems (ItemID, StockID, OrderID, Quantity) values (627, 171, 53, 6);
insert into OrderItems (ItemID, StockID, OrderID, Quantity) values (628, 179, 161, 2);
insert into OrderItems (ItemID, StockID, OrderID, Quantity) values (629, 64, 321, 3);
insert into OrderItems (ItemID, StockID, OrderID, Quantity) values (630, 175, 325, 2);
insert into OrderItems (ItemID, StockID, OrderID, Quantity) values (631, 180, 57, 8);
insert into OrderItems (ItemID, StockID, OrderID, Quantity) values (632, 119, 86, 6);
insert into OrderItems (ItemID, StockID, OrderID, Quantity) values (633, 34, 305, 6);
insert into OrderItems (ItemID, StockID, OrderID, Quantity) values (634, 97, 323, 6);
insert into OrderItems (ItemID, StockID, OrderID, Quantity) values (635, 159, 118, 8);
insert into OrderItems (ItemID, StockID, OrderID, Quantity) values (636, 109, 220, 2);
insert into OrderItems (ItemID, StockID, OrderID, Quantity) values (637, 65, 184, 8);
insert into OrderItems (ItemID, StockID, OrderID, Quantity) values (638, 3, 121, 9);
insert into OrderItems (ItemID, StockID, OrderID, Quantity) values (639, 153, 109, 1);
insert into OrderItems (ItemID, StockID, OrderID, Quantity) values (640, 129, 139, 1);
insert into OrderItems (ItemID, StockID, OrderID, Quantity) values (641, 54, 12, 3);
insert into OrderItems (ItemID, StockID, OrderID, Quantity) values (642, 95, 112, 10);
insert into OrderItems (ItemID, StockID, OrderID, Quantity) values (643, 65, 50, 6);
insert into OrderItems (ItemID, StockID, OrderID, Quantity) values (644, 158, 311, 9);
insert into OrderItems (ItemID, StockID, OrderID, Quantity) values (645, 27, 63, 5);
insert into OrderItems (ItemID, StockID, OrderID, Quantity) values (646, 42, 225, 2);
insert into OrderItems (ItemID, StockID, OrderID, Quantity) values (647, 177, 219, 7);
insert into OrderItems (ItemID, StockID, OrderID, Quantity) values (648, 69, 312, 9);
insert into OrderItems (ItemID, StockID, OrderID, Quantity) values (649, 14, 246, 2);
insert into OrderItems (ItemID, StockID, OrderID, Quantity) values (650, 2, 68, 1);
insert into OrderItems (ItemID, StockID, OrderID, Quantity) values (651, 75, 118, 5);
insert into OrderItems (ItemID, StockID, OrderID, Quantity) values (652, 82, 173, 2);
insert into OrderItems (ItemID, StockID, OrderID, Quantity) values (653, 164, 264, 10);
insert into OrderItems (ItemID, StockID, OrderID, Quantity) values (654, 100, 249, 9);
insert into OrderItems (ItemID, StockID, OrderID, Quantity) values (655, 74, 16, 3);
insert into OrderItems (ItemID, StockID, OrderID, Quantity) values (656, 151, 73, 8);
insert into OrderItems (ItemID, StockID, OrderID, Quantity) values (657, 53, 58, 7);
insert into OrderItems (ItemID, StockID, OrderID, Quantity) values (658, 132, 175, 1);
insert into OrderItems (ItemID, StockID, OrderID, Quantity) values (659, 168, 338, 3);
insert into OrderItems (ItemID, StockID, OrderID, Quantity) values (660, 141, 315, 1);
insert into OrderItems (ItemID, StockID, OrderID, Quantity) values (661, 54, 364, 4);
insert into OrderItems (ItemID, StockID, OrderID, Quantity) values (662, 96, 19, 7);
insert into OrderItems (ItemID, StockID, OrderID, Quantity) values (663, 126, 196, 2);
insert into OrderItems (ItemID, StockID, OrderID, Quantity) values (664, 130, 81, 1);
insert into OrderItems (ItemID, StockID, OrderID, Quantity) values (665, 139, 58, 10);
insert into OrderItems (ItemID, StockID, OrderID, Quantity) values (666, 8, 253, 3);
insert into OrderItems (ItemID, StockID, OrderID, Quantity) values (667, 68, 158, 8);
insert into OrderItems (ItemID, StockID, OrderID, Quantity) values (668, 76, 57, 4);
insert into OrderItems (ItemID, StockID, OrderID, Quantity) values (669, 9, 231, 6);
insert into OrderItems (ItemID, StockID, OrderID, Quantity) values (670, 47, 349, 6);
insert into OrderItems (ItemID, StockID, OrderID, Quantity) values (671, 2, 244, 5);
insert into OrderItems (ItemID, StockID, OrderID, Quantity) values (672, 33, 317, 4);
insert into OrderItems (ItemID, StockID, OrderID, Quantity) values (673, 95, 18, 7);
insert into OrderItems (ItemID, StockID, OrderID, Quantity) values (674, 96, 302, 7);
insert into OrderItems (ItemID, StockID, OrderID, Quantity) values (675, 193, 156, 3);
insert into OrderItems (ItemID, StockID, OrderID, Quantity) values (676, 157, 346, 9);
insert into OrderItems (ItemID, StockID, OrderID, Quantity) values (677, 56, 302, 5);
insert into OrderItems (ItemID, StockID, OrderID, Quantity) values (678, 109, 247, 1);
insert into OrderItems (ItemID, StockID, OrderID, Quantity) values (679, 133, 58, 7);
insert into OrderItems (ItemID, StockID, OrderID, Quantity) values (680, 127, 248, 2);
insert into OrderItems (ItemID, StockID, OrderID, Quantity) values (681, 176, 79, 1);
insert into OrderItems (ItemID, StockID, OrderID, Quantity) values (682, 26, 248, 4);
insert into OrderItems (ItemID, StockID, OrderID, Quantity) values (683, 135, 133, 10);
insert into OrderItems (ItemID, StockID, OrderID, Quantity) values (684, 115, 399, 6);
insert into OrderItems (ItemID, StockID, OrderID, Quantity) values (685, 37, 107, 2);
insert into OrderItems (ItemID, StockID, OrderID, Quantity) values (686, 122, 6, 2);
insert into OrderItems (ItemID, StockID, OrderID, Quantity) values (687, 89, 139, 7);
insert into OrderItems (ItemID, StockID, OrderID, Quantity) values (688, 112, 25, 2);
insert into OrderItems (ItemID, StockID, OrderID, Quantity) values (689, 157, 254, 2);
insert into OrderItems (ItemID, StockID, OrderID, Quantity) values (690, 12, 252, 8);
insert into OrderItems (ItemID, StockID, OrderID, Quantity) values (691, 65, 205, 4);
insert into OrderItems (ItemID, StockID, OrderID, Quantity) values (692, 22, 136, 8);
insert into OrderItems (ItemID, StockID, OrderID, Quantity) values (693, 74, 37, 2);
insert into OrderItems (ItemID, StockID, OrderID, Quantity) values (694, 67, 79, 4);
insert into OrderItems (ItemID, StockID, OrderID, Quantity) values (695, 193, 97, 9);
insert into OrderItems (ItemID, StockID, OrderID, Quantity) values (696, 28, 252, 3);
insert into OrderItems (ItemID, StockID, OrderID, Quantity) values (697, 163, 71, 9);
insert into OrderItems (ItemID, StockID, OrderID, Quantity) values (698, 197, 21, 6);
insert into OrderItems (ItemID, StockID, OrderID, Quantity) values (699, 191, 30, 1);
insert into OrderItems (ItemID, StockID, OrderID, Quantity) values (700, 150, 96, 10);
insert into OrderItems (ItemID, StockID, OrderID, Quantity) values (701, 79, 49, 3);
insert into OrderItems (ItemID, StockID, OrderID, Quantity) values (702, 67, 143, 2);
insert into OrderItems (ItemID, StockID, OrderID, Quantity) values (703, 165, 197, 8);
insert into OrderItems (ItemID, StockID, OrderID, Quantity) values (704, 87, 384, 7);
insert into OrderItems (ItemID, StockID, OrderID, Quantity) values (705, 149, 119, 6);
insert into OrderItems (ItemID, StockID, OrderID, Quantity) values (706, 134, 50, 6);
insert into OrderItems (ItemID, StockID, OrderID, Quantity) values (707, 44, 336, 3);
insert into OrderItems (ItemID, StockID, OrderID, Quantity) values (708, 75, 273, 6);
insert into OrderItems (ItemID, StockID, OrderID, Quantity) values (709, 185, 107, 1);
insert into OrderItems (ItemID, StockID, OrderID, Quantity) values (710, 95, 259, 4);
insert into OrderItems (ItemID, StockID, OrderID, Quantity) values (711, 94, 146, 9);
insert into OrderItems (ItemID, StockID, OrderID, Quantity) values (712, 144, 388, 2);
insert into OrderItems (ItemID, StockID, OrderID, Quantity) values (713, 112, 261, 1);
insert into OrderItems (ItemID, StockID, OrderID, Quantity) values (714, 118, 298, 2);
insert into OrderItems (ItemID, StockID, OrderID, Quantity) values (715, 129, 144, 10);
insert into OrderItems (ItemID, StockID, OrderID, Quantity) values (716, 70, 287, 6);
insert into OrderItems (ItemID, StockID, OrderID, Quantity) values (717, 109, 365, 10);
insert into OrderItems (ItemID, StockID, OrderID, Quantity) values (718, 160, 228, 1);
insert into OrderItems (ItemID, StockID, OrderID, Quantity) values (719, 72, 53, 1);
insert into OrderItems (ItemID, StockID, OrderID, Quantity) values (720, 27, 298, 8);
insert into OrderItems (ItemID, StockID, OrderID, Quantity) values (721, 31, 263, 7);
insert into OrderItems (ItemID, StockID, OrderID, Quantity) values (722, 168, 184, 4);
insert into OrderItems (ItemID, StockID, OrderID, Quantity) values (723, 1, 75, 9);
insert into OrderItems (ItemID, StockID, OrderID, Quantity) values (724, 35, 80, 8);
insert into OrderItems (ItemID, StockID, OrderID, Quantity) values (725, 120, 35, 6);
insert into OrderItems (ItemID, StockID, OrderID, Quantity) values (726, 161, 150, 6);
insert into OrderItems (ItemID, StockID, OrderID, Quantity) values (727, 44, 130, 4);
insert into OrderItems (ItemID, StockID, OrderID, Quantity) values (728, 18, 313, 9);
insert into OrderItems (ItemID, StockID, OrderID, Quantity) values (729, 169, 191, 8);
insert into OrderItems (ItemID, StockID, OrderID, Quantity) values (730, 16, 213, 9);
insert into OrderItems (ItemID, StockID, OrderID, Quantity) values (731, 118, 223, 2);
insert into OrderItems (ItemID, StockID, OrderID, Quantity) values (732, 114, 38, 7);
insert into OrderItems (ItemID, StockID, OrderID, Quantity) values (733, 142, 60, 6);
insert into OrderItems (ItemID, StockID, OrderID, Quantity) values (734, 187, 381, 5);
insert into OrderItems (ItemID, StockID, OrderID, Quantity) values (735, 5, 273, 8);
insert into OrderItems (ItemID, StockID, OrderID, Quantity) values (736, 46, 357, 3);
insert into OrderItems (ItemID, StockID, OrderID, Quantity) values (737, 163, 387, 3);
insert into OrderItems (ItemID, StockID, OrderID, Quantity) values (738, 24, 351, 5);
insert into OrderItems (ItemID, StockID, OrderID, Quantity) values (739, 82, 349, 5);
insert into OrderItems (ItemID, StockID, OrderID, Quantity) values (740, 25, 304, 10);
insert into OrderItems (ItemID, StockID, OrderID, Quantity) values (741, 95, 221, 3);
insert into OrderItems (ItemID, StockID, OrderID, Quantity) values (742, 72, 11, 1);
insert into OrderItems (ItemID, StockID, OrderID, Quantity) values (743, 196, 303, 4);
insert into OrderItems (ItemID, StockID, OrderID, Quantity) values (744, 22, 19, 1);
insert into OrderItems (ItemID, StockID, OrderID, Quantity) values (745, 104, 3, 6);
insert into OrderItems (ItemID, StockID, OrderID, Quantity) values (746, 60, 15, 9);
insert into OrderItems (ItemID, StockID, OrderID, Quantity) values (747, 171, 168, 3);
insert into OrderItems (ItemID, StockID, OrderID, Quantity) values (748, 132, 343, 4);
insert into OrderItems (ItemID, StockID, OrderID, Quantity) values (749, 159, 165, 5);
insert into OrderItems (ItemID, StockID, OrderID, Quantity) values (750, 154, 337, 6);
insert into OrderItems (ItemID, StockID, OrderID, Quantity) values (751, 99, 63, 7);
insert into OrderItems (ItemID, StockID, OrderID, Quantity) values (752, 67, 121, 8);
insert into OrderItems (ItemID, StockID, OrderID, Quantity) values (753, 37, 219, 6);
insert into OrderItems (ItemID, StockID, OrderID, Quantity) values (754, 162, 304, 9);
insert into OrderItems (ItemID, StockID, OrderID, Quantity) values (755, 158, 185, 4);
insert into OrderItems (ItemID, StockID, OrderID, Quantity) values (756, 154, 286, 6);
insert into OrderItems (ItemID, StockID, OrderID, Quantity) values (757, 22, 295, 1);
insert into OrderItems (ItemID, StockID, OrderID, Quantity) values (758, 118, 106, 7);
insert into OrderItems (ItemID, StockID, OrderID, Quantity) values (759, 136, 131, 3);
insert into OrderItems (ItemID, StockID, OrderID, Quantity) values (760, 115, 390, 10);
insert into OrderItems (ItemID, StockID, OrderID, Quantity) values (761, 98, 60, 9);
insert into OrderItems (ItemID, StockID, OrderID, Quantity) values (762, 120, 184, 4);
insert into OrderItems (ItemID, StockID, OrderID, Quantity) values (763, 67, 266, 5);
insert into OrderItems (ItemID, StockID, OrderID, Quantity) values (764, 82, 142, 7);
insert into OrderItems (ItemID, StockID, OrderID, Quantity) values (765, 194, 361, 8);
insert into OrderItems (ItemID, StockID, OrderID, Quantity) values (766, 46, 174, 3);
insert into OrderItems (ItemID, StockID, OrderID, Quantity) values (767, 76, 19, 7);
insert into OrderItems (ItemID, StockID, OrderID, Quantity) values (768, 3, 99, 3);
insert into OrderItems (ItemID, StockID, OrderID, Quantity) values (769, 127, 24, 4);
insert into OrderItems (ItemID, StockID, OrderID, Quantity) values (770, 108, 276, 10);
insert into OrderItems (ItemID, StockID, OrderID, Quantity) values (771, 84, 27, 5);
insert into OrderItems (ItemID, StockID, OrderID, Quantity) values (772, 133, 195, 4);
insert into OrderItems (ItemID, StockID, OrderID, Quantity) values (773, 82, 65, 8);
insert into OrderItems (ItemID, StockID, OrderID, Quantity) values (774, 47, 83, 3);
insert into OrderItems (ItemID, StockID, OrderID, Quantity) values (775, 148, 85, 9);
insert into OrderItems (ItemID, StockID, OrderID, Quantity) values (776, 6, 388, 6);
insert into OrderItems (ItemID, StockID, OrderID, Quantity) values (777, 93, 259, 6);
insert into OrderItems (ItemID, StockID, OrderID, Quantity) values (778, 1, 31, 2);
insert into OrderItems (ItemID, StockID, OrderID, Quantity) values (779, 129, 170, 4);
insert into OrderItems (ItemID, StockID, OrderID, Quantity) values (780, 124, 13, 5);
insert into OrderItems (ItemID, StockID, OrderID, Quantity) values (781, 162, 307, 1);
insert into OrderItems (ItemID, StockID, OrderID, Quantity) values (782, 77, 355, 4);
insert into OrderItems (ItemID, StockID, OrderID, Quantity) values (783, 193, 276, 7);
insert into OrderItems (ItemID, StockID, OrderID, Quantity) values (784, 56, 292, 9);
insert into OrderItems (ItemID, StockID, OrderID, Quantity) values (785, 200, 300, 7);
insert into OrderItems (ItemID, StockID, OrderID, Quantity) values (786, 149, 19, 2);
insert into OrderItems (ItemID, StockID, OrderID, Quantity) values (787, 82, 302, 9);
insert into OrderItems (ItemID, StockID, OrderID, Quantity) values (788, 144, 2, 9);
insert into OrderItems (ItemID, StockID, OrderID, Quantity) values (789, 99, 188, 5);
insert into OrderItems (ItemID, StockID, OrderID, Quantity) values (790, 85, 316, 3);
insert into OrderItems (ItemID, StockID, OrderID, Quantity) values (791, 136, 60, 9);
insert into OrderItems (ItemID, StockID, OrderID, Quantity) values (792, 57, 52, 7);
insert into OrderItems (ItemID, StockID, OrderID, Quantity) values (793, 83, 105, 7);
insert into OrderItems (ItemID, StockID, OrderID, Quantity) values (794, 42, 187, 3);
insert into OrderItems (ItemID, StockID, OrderID, Quantity) values (795, 129, 208, 2);
insert into OrderItems (ItemID, StockID, OrderID, Quantity) values (796, 48, 155, 3);
insert into OrderItems (ItemID, StockID, OrderID, Quantity) values (797, 194, 191, 4);
insert into OrderItems (ItemID, StockID, OrderID, Quantity) values (798, 164, 129, 7);
insert into OrderItems (ItemID, StockID, OrderID, Quantity) values (799, 86, 31, 5);
insert into OrderItems (ItemID, StockID, OrderID, Quantity) values (800, 196, 377, 4);
insert into OrderItems (ItemID, StockID, OrderID, Quantity) values (801, 67, 182, 9);
insert into OrderItems (ItemID, StockID, OrderID, Quantity) values (802, 108, 259, 2);
insert into OrderItems (ItemID, StockID, OrderID, Quantity) values (803, 155, 82, 6);
insert into OrderItems (ItemID, StockID, OrderID, Quantity) values (804, 197, 184, 5);
insert into OrderItems (ItemID, StockID, OrderID, Quantity) values (805, 111, 172, 10);
insert into OrderItems (ItemID, StockID, OrderID, Quantity) values (806, 103, 390, 4);
insert into OrderItems (ItemID, StockID, OrderID, Quantity) values (807, 100, 30, 8);
insert into OrderItems (ItemID, StockID, OrderID, Quantity) values (808, 102, 67, 5);
insert into OrderItems (ItemID, StockID, OrderID, Quantity) values (809, 3, 184, 8);
insert into OrderItems (ItemID, StockID, OrderID, Quantity) values (810, 95, 324, 7);
insert into OrderItems (ItemID, StockID, OrderID, Quantity) values (811, 72, 190, 7);
insert into OrderItems (ItemID, StockID, OrderID, Quantity) values (812, 36, 34, 5);
insert into OrderItems (ItemID, StockID, OrderID, Quantity) values (813, 77, 388, 5);
insert into OrderItems (ItemID, StockID, OrderID, Quantity) values (814, 182, 263, 2);
insert into OrderItems (ItemID, StockID, OrderID, Quantity) values (815, 101, 238, 6);
insert into OrderItems (ItemID, StockID, OrderID, Quantity) values (816, 191, 250, 10);
insert into OrderItems (ItemID, StockID, OrderID, Quantity) values (817, 117, 222, 1);
insert into OrderItems (ItemID, StockID, OrderID, Quantity) values (818, 20, 272, 10);
insert into OrderItems (ItemID, StockID, OrderID, Quantity) values (819, 160, 114, 9);
insert into OrderItems (ItemID, StockID, OrderID, Quantity) values (820, 13, 145, 4);
insert into OrderItems (ItemID, StockID, OrderID, Quantity) values (821, 101, 169, 6);
insert into OrderItems (ItemID, StockID, OrderID, Quantity) values (822, 194, 150, 4);
insert into OrderItems (ItemID, StockID, OrderID, Quantity) values (823, 192, 187, 6);
insert into OrderItems (ItemID, StockID, OrderID, Quantity) values (824, 80, 161, 7);
insert into OrderItems (ItemID, StockID, OrderID, Quantity) values (825, 41, 22, 3);
insert into OrderItems (ItemID, StockID, OrderID, Quantity) values (826, 83, 223, 3);
insert into OrderItems (ItemID, StockID, OrderID, Quantity) values (827, 103, 199, 4);
insert into OrderItems (ItemID, StockID, OrderID, Quantity) values (828, 6, 186, 3);
insert into OrderItems (ItemID, StockID, OrderID, Quantity) values (829, 88, 394, 4);
insert into OrderItems (ItemID, StockID, OrderID, Quantity) values (830, 51, 354, 2);
insert into OrderItems (ItemID, StockID, OrderID, Quantity) values (831, 6, 361, 3);
insert into OrderItems (ItemID, StockID, OrderID, Quantity) values (832, 70, 232, 9);
insert into OrderItems (ItemID, StockID, OrderID, Quantity) values (833, 16, 344, 10);
insert into OrderItems (ItemID, StockID, OrderID, Quantity) values (834, 8, 98, 1);
insert into OrderItems (ItemID, StockID, OrderID, Quantity) values (835, 134, 277, 4);
insert into OrderItems (ItemID, StockID, OrderID, Quantity) values (836, 193, 211, 1);
insert into OrderItems (ItemID, StockID, OrderID, Quantity) values (837, 9, 88, 4);
insert into OrderItems (ItemID, StockID, OrderID, Quantity) values (838, 169, 231, 10);
insert into OrderItems (ItemID, StockID, OrderID, Quantity) values (839, 42, 117, 1);
insert into OrderItems (ItemID, StockID, OrderID, Quantity) values (840, 58, 368, 2);
insert into OrderItems (ItemID, StockID, OrderID, Quantity) values (841, 57, 224, 5);
insert into OrderItems (ItemID, StockID, OrderID, Quantity) values (842, 168, 394, 2);
insert into OrderItems (ItemID, StockID, OrderID, Quantity) values (843, 150, 74, 4);
insert into OrderItems (ItemID, StockID, OrderID, Quantity) values (844, 54, 285, 1);
insert into OrderItems (ItemID, StockID, OrderID, Quantity) values (845, 39, 160, 2);
insert into OrderItems (ItemID, StockID, OrderID, Quantity) values (846, 149, 132, 1);
insert into OrderItems (ItemID, StockID, OrderID, Quantity) values (847, 86, 375, 10);
insert into OrderItems (ItemID, StockID, OrderID, Quantity) values (848, 134, 52, 1);
insert into OrderItems (ItemID, StockID, OrderID, Quantity) values (849, 96, 171, 1);
insert into OrderItems (ItemID, StockID, OrderID, Quantity) values (850, 16, 30, 1);
insert into OrderItems (ItemID, StockID, OrderID, Quantity) values (851, 14, 150, 4);
insert into OrderItems (ItemID, StockID, OrderID, Quantity) values (852, 88, 354, 4);
insert into OrderItems (ItemID, StockID, OrderID, Quantity) values (853, 36, 357, 5);
insert into OrderItems (ItemID, StockID, OrderID, Quantity) values (854, 167, 335, 3);
insert into OrderItems (ItemID, StockID, OrderID, Quantity) values (855, 39, 228, 8);
insert into OrderItems (ItemID, StockID, OrderID, Quantity) values (856, 3, 210, 6);
insert into OrderItems (ItemID, StockID, OrderID, Quantity) values (857, 29, 22, 5);
insert into OrderItems (ItemID, StockID, OrderID, Quantity) values (858, 120, 69, 9);
insert into OrderItems (ItemID, StockID, OrderID, Quantity) values (859, 36, 269, 8);
insert into OrderItems (ItemID, StockID, OrderID, Quantity) values (860, 31, 350, 10);
insert into OrderItems (ItemID, StockID, OrderID, Quantity) values (861, 4, 31, 8);
insert into OrderItems (ItemID, StockID, OrderID, Quantity) values (862, 97, 199, 1);
insert into OrderItems (ItemID, StockID, OrderID, Quantity) values (863, 4, 305, 3);
insert into OrderItems (ItemID, StockID, OrderID, Quantity) values (864, 176, 3, 8);
insert into OrderItems (ItemID, StockID, OrderID, Quantity) values (865, 176, 210, 6);
insert into OrderItems (ItemID, StockID, OrderID, Quantity) values (866, 106, 34, 8);
insert into OrderItems (ItemID, StockID, OrderID, Quantity) values (867, 89, 75, 8);
insert into OrderItems (ItemID, StockID, OrderID, Quantity) values (868, 82, 296, 6);
insert into OrderItems (ItemID, StockID, OrderID, Quantity) values (869, 130, 191, 3);
insert into OrderItems (ItemID, StockID, OrderID, Quantity) values (870, 171, 367, 4);
insert into OrderItems (ItemID, StockID, OrderID, Quantity) values (871, 126, 370, 7);
insert into OrderItems (ItemID, StockID, OrderID, Quantity) values (872, 53, 397, 9);
insert into OrderItems (ItemID, StockID, OrderID, Quantity) values (873, 189, 218, 10);
insert into OrderItems (ItemID, StockID, OrderID, Quantity) values (874, 135, 128, 6);
insert into OrderItems (ItemID, StockID, OrderID, Quantity) values (875, 183, 163, 9);
insert into OrderItems (ItemID, StockID, OrderID, Quantity) values (876, 41, 222, 2);
insert into OrderItems (ItemID, StockID, OrderID, Quantity) values (877, 79, 185, 2);
insert into OrderItems (ItemID, StockID, OrderID, Quantity) values (878, 63, 210, 9);
insert into OrderItems (ItemID, StockID, OrderID, Quantity) values (879, 171, 288, 8);
insert into OrderItems (ItemID, StockID, OrderID, Quantity) values (880, 170, 214, 5);
insert into OrderItems (ItemID, StockID, OrderID, Quantity) values (881, 180, 149, 8);
insert into OrderItems (ItemID, StockID, OrderID, Quantity) values (882, 5, 37, 7);
insert into OrderItems (ItemID, StockID, OrderID, Quantity) values (883, 61, 136, 7);
insert into OrderItems (ItemID, StockID, OrderID, Quantity) values (884, 194, 227, 2);
insert into OrderItems (ItemID, StockID, OrderID, Quantity) values (885, 162, 343, 5);
insert into OrderItems (ItemID, StockID, OrderID, Quantity) values (886, 44, 187, 8);
insert into OrderItems (ItemID, StockID, OrderID, Quantity) values (887, 80, 189, 4);
insert into OrderItems (ItemID, StockID, OrderID, Quantity) values (888, 198, 304, 4);
insert into OrderItems (ItemID, StockID, OrderID, Quantity) values (889, 125, 289, 10);
insert into OrderItems (ItemID, StockID, OrderID, Quantity) values (890, 76, 24, 3);
insert into OrderItems (ItemID, StockID, OrderID, Quantity) values (891, 93, 118, 6);
insert into OrderItems (ItemID, StockID, OrderID, Quantity) values (892, 48, 72, 8);
insert into OrderItems (ItemID, StockID, OrderID, Quantity) values (893, 151, 174, 6);
insert into OrderItems (ItemID, StockID, OrderID, Quantity) values (894, 19, 170, 5);
insert into OrderItems (ItemID, StockID, OrderID, Quantity) values (895, 186, 394, 1);
insert into OrderItems (ItemID, StockID, OrderID, Quantity) values (896, 172, 253, 1);
insert into OrderItems (ItemID, StockID, OrderID, Quantity) values (897, 63, 134, 9);
insert into OrderItems (ItemID, StockID, OrderID, Quantity) values (898, 96, 295, 8);
insert into OrderItems (ItemID, StockID, OrderID, Quantity) values (899, 21, 365, 2);
insert into OrderItems (ItemID, StockID, OrderID, Quantity) values (900, 160, 165, 2);
insert into OrderItems (ItemID, StockID, OrderID, Quantity) values (901, 40, 361, 9);
insert into OrderItems (ItemID, StockID, OrderID, Quantity) values (902, 147, 85, 10);
insert into OrderItems (ItemID, StockID, OrderID, Quantity) values (903, 126, 70, 2);
insert into OrderItems (ItemID, StockID, OrderID, Quantity) values (904, 59, 120, 4);
insert into OrderItems (ItemID, StockID, OrderID, Quantity) values (905, 92, 139, 2);
insert into OrderItems (ItemID, StockID, OrderID, Quantity) values (906, 122, 224, 8);
insert into OrderItems (ItemID, StockID, OrderID, Quantity) values (907, 79, 386, 1);
insert into OrderItems (ItemID, StockID, OrderID, Quantity) values (908, 150, 180, 9);
insert into OrderItems (ItemID, StockID, OrderID, Quantity) values (909, 143, 135, 7);
insert into OrderItems (ItemID, StockID, OrderID, Quantity) values (910, 162, 73, 5);
insert into OrderItems (ItemID, StockID, OrderID, Quantity) values (911, 188, 118, 5);
insert into OrderItems (ItemID, StockID, OrderID, Quantity) values (912, 14, 26, 9);
insert into OrderItems (ItemID, StockID, OrderID, Quantity) values (913, 17, 238, 7);
insert into OrderItems (ItemID, StockID, OrderID, Quantity) values (914, 171, 336, 1);
insert into OrderItems (ItemID, StockID, OrderID, Quantity) values (915, 156, 209, 6);
insert into OrderItems (ItemID, StockID, OrderID, Quantity) values (916, 185, 207, 1);
insert into OrderItems (ItemID, StockID, OrderID, Quantity) values (917, 150, 331, 3);
insert into OrderItems (ItemID, StockID, OrderID, Quantity) values (918, 33, 246, 10);
insert into OrderItems (ItemID, StockID, OrderID, Quantity) values (919, 142, 26, 9);
insert into OrderItems (ItemID, StockID, OrderID, Quantity) values (920, 191, 173, 9);
insert into OrderItems (ItemID, StockID, OrderID, Quantity) values (921, 25, 27, 3);
insert into OrderItems (ItemID, StockID, OrderID, Quantity) values (922, 135, 134, 7);
insert into OrderItems (ItemID, StockID, OrderID, Quantity) values (923, 18, 106, 8);
insert into OrderItems (ItemID, StockID, OrderID, Quantity) values (924, 66, 61, 6);
insert into OrderItems (ItemID, StockID, OrderID, Quantity) values (925, 76, 210, 3);
insert into OrderItems (ItemID, StockID, OrderID, Quantity) values (926, 113, 138, 3);
insert into OrderItems (ItemID, StockID, OrderID, Quantity) values (927, 28, 397, 2);
insert into OrderItems (ItemID, StockID, OrderID, Quantity) values (928, 94, 390, 4);
insert into OrderItems (ItemID, StockID, OrderID, Quantity) values (929, 172, 400, 10);
insert into OrderItems (ItemID, StockID, OrderID, Quantity) values (930, 183, 10, 2);
insert into OrderItems (ItemID, StockID, OrderID, Quantity) values (931, 124, 225, 3);
insert into OrderItems (ItemID, StockID, OrderID, Quantity) values (932, 142, 352, 7);
insert into OrderItems (ItemID, StockID, OrderID, Quantity) values (933, 160, 19, 6);
insert into OrderItems (ItemID, StockID, OrderID, Quantity) values (934, 187, 75, 10);
insert into OrderItems (ItemID, StockID, OrderID, Quantity) values (935, 127, 25, 1);
insert into OrderItems (ItemID, StockID, OrderID, Quantity) values (936, 197, 312, 8);
insert into OrderItems (ItemID, StockID, OrderID, Quantity) values (937, 52, 313, 2);
insert into OrderItems (ItemID, StockID, OrderID, Quantity) values (938, 185, 356, 8);
insert into OrderItems (ItemID, StockID, OrderID, Quantity) values (939, 64, 347, 3);
insert into OrderItems (ItemID, StockID, OrderID, Quantity) values (940, 35, 306, 2);
insert into OrderItems (ItemID, StockID, OrderID, Quantity) values (941, 95, 396, 9);
insert into OrderItems (ItemID, StockID, OrderID, Quantity) values (942, 160, 63, 7);
insert into OrderItems (ItemID, StockID, OrderID, Quantity) values (943, 196, 278, 2);
insert into OrderItems (ItemID, StockID, OrderID, Quantity) values (944, 177, 323, 1);
insert into OrderItems (ItemID, StockID, OrderID, Quantity) values (945, 168, 27, 3);
insert into OrderItems (ItemID, StockID, OrderID, Quantity) values (946, 8, 130, 9);
insert into OrderItems (ItemID, StockID, OrderID, Quantity) values (947, 172, 125, 1);
insert into OrderItems (ItemID, StockID, OrderID, Quantity) values (948, 111, 243, 6);
insert into OrderItems (ItemID, StockID, OrderID, Quantity) values (949, 176, 72, 4);
insert into OrderItems (ItemID, StockID, OrderID, Quantity) values (950, 98, 36, 1);
insert into OrderItems (ItemID, StockID, OrderID, Quantity) values (951, 166, 376, 5);
insert into OrderItems (ItemID, StockID, OrderID, Quantity) values (952, 40, 275, 7);
insert into OrderItems (ItemID, StockID, OrderID, Quantity) values (953, 94, 245, 2);
insert into OrderItems (ItemID, StockID, OrderID, Quantity) values (954, 21, 278, 4);
insert into OrderItems (ItemID, StockID, OrderID, Quantity) values (955, 58, 366, 5);
insert into OrderItems (ItemID, StockID, OrderID, Quantity) values (956, 103, 104, 4);
insert into OrderItems (ItemID, StockID, OrderID, Quantity) values (957, 116, 161, 2);
insert into OrderItems (ItemID, StockID, OrderID, Quantity) values (958, 27, 47, 10);
insert into OrderItems (ItemID, StockID, OrderID, Quantity) values (959, 137, 296, 9);
insert into OrderItems (ItemID, StockID, OrderID, Quantity) values (960, 43, 95, 1);
insert into OrderItems (ItemID, StockID, OrderID, Quantity) values (961, 43, 192, 9);
insert into OrderItems (ItemID, StockID, OrderID, Quantity) values (962, 111, 91, 6);
insert into OrderItems (ItemID, StockID, OrderID, Quantity) values (963, 162, 396, 6);
insert into OrderItems (ItemID, StockID, OrderID, Quantity) values (964, 161, 35, 10);
insert into OrderItems (ItemID, StockID, OrderID, Quantity) values (965, 106, 137, 4);
insert into OrderItems (ItemID, StockID, OrderID, Quantity) values (966, 51, 191, 10);
insert into OrderItems (ItemID, StockID, OrderID, Quantity) values (967, 108, 32, 1);
insert into OrderItems (ItemID, StockID, OrderID, Quantity) values (968, 124, 300, 10);
insert into OrderItems (ItemID, StockID, OrderID, Quantity) values (969, 118, 315, 4);
insert into OrderItems (ItemID, StockID, OrderID, Quantity) values (970, 140, 41, 2);
insert into OrderItems (ItemID, StockID, OrderID, Quantity) values (971, 171, 64, 6);
insert into OrderItems (ItemID, StockID, OrderID, Quantity) values (972, 127, 70, 3);
insert into OrderItems (ItemID, StockID, OrderID, Quantity) values (973, 175, 129, 2);
insert into OrderItems (ItemID, StockID, OrderID, Quantity) values (974, 12, 392, 9);
insert into OrderItems (ItemID, StockID, OrderID, Quantity) values (975, 111, 247, 4);
insert into OrderItems (ItemID, StockID, OrderID, Quantity) values (976, 73, 22, 8);
insert into OrderItems (ItemID, StockID, OrderID, Quantity) values (977, 29, 202, 7);
insert into OrderItems (ItemID, StockID, OrderID, Quantity) values (978, 135, 300, 5);
insert into OrderItems (ItemID, StockID, OrderID, Quantity) values (979, 26, 260, 10);
insert into OrderItems (ItemID, StockID, OrderID, Quantity) values (980, 112, 274, 2);
insert into OrderItems (ItemID, StockID, OrderID, Quantity) values (981, 65, 180, 4);
insert into OrderItems (ItemID, StockID, OrderID, Quantity) values (982, 67, 373, 8);
insert into OrderItems (ItemID, StockID, OrderID, Quantity) values (983, 99, 110, 7);
insert into OrderItems (ItemID, StockID, OrderID, Quantity) values (984, 152, 2, 2);
insert into OrderItems (ItemID, StockID, OrderID, Quantity) values (985, 41, 93, 7);
insert into OrderItems (ItemID, StockID, OrderID, Quantity) values (986, 164, 184, 9);
insert into OrderItems (ItemID, StockID, OrderID, Quantity) values (987, 108, 284, 9);
insert into OrderItems (ItemID, StockID, OrderID, Quantity) values (988, 21, 128, 3);
insert into OrderItems (ItemID, StockID, OrderID, Quantity) values (989, 175, 372, 3);
insert into OrderItems (ItemID, StockID, OrderID, Quantity) values (990, 5, 253, 2);
insert into OrderItems (ItemID, StockID, OrderID, Quantity) values (991, 199, 113, 7);
insert into OrderItems (ItemID, StockID, OrderID, Quantity) values (992, 162, 389, 4);
insert into OrderItems (ItemID, StockID, OrderID, Quantity) values (993, 179, 179, 5);
insert into OrderItems (ItemID, StockID, OrderID, Quantity) values (994, 187, 380, 6);
insert into OrderItems (ItemID, StockID, OrderID, Quantity) values (995, 134, 372, 5);
insert into OrderItems (ItemID, StockID, OrderID, Quantity) values (996, 74, 149, 1);
insert into OrderItems (ItemID, StockID, OrderID, Quantity) values (997, 11, 190, 1);
insert into OrderItems (ItemID, StockID, OrderID, Quantity) values (998, 54, 390, 5);
insert into OrderItems (ItemID, StockID, OrderID, Quantity) values (999, 140, 173, 6);
insert into OrderItems (ItemID, StockID, OrderID, Quantity) values (1000, 90, 78, 10);

create table Stock (
	StockID INT,
	SupplierID INT,
	UnitPrice INT,
	StockLevel INT,
	PRIMARY KEY (StockID)
);
insert into Stock (StockID, SupplierID, UnitPrice, StockLevel) values (1, 3, 170, 50);
insert into Stock (StockID, SupplierID, UnitPrice, StockLevel) values (2, 90, 120, 94);
insert into Stock (StockID, SupplierID, UnitPrice, StockLevel) values (3, 65, 40, 60);
insert into Stock (StockID, SupplierID, UnitPrice, StockLevel) values (4, 55, 95, 64);
insert into Stock (StockID, SupplierID, UnitPrice, StockLevel) values (5, 16, 190, 32);
insert into Stock (StockID, SupplierID, UnitPrice, StockLevel) values (6, 99, 10, 68);
insert into Stock (StockID, SupplierID, UnitPrice, StockLevel) values (7, 63, 25, 66);
insert into Stock (StockID, SupplierID, UnitPrice, StockLevel) values (8, 54, 60, 76);
insert into Stock (StockID, SupplierID, UnitPrice, StockLevel) values (9, 59, 55, 55);
insert into Stock (StockID, SupplierID, UnitPrice, StockLevel) values (10, 68, 135, 26);
insert into Stock (StockID, SupplierID, UnitPrice, StockLevel) values (11, 74, 200, 77);
insert into Stock (StockID, SupplierID, UnitPrice, StockLevel) values (12, 80, 55, 4);
insert into Stock (StockID, SupplierID, UnitPrice, StockLevel) values (13, 93, 15, 36);
insert into Stock (StockID, SupplierID, UnitPrice, StockLevel) values (14, 8, 190, 29);
insert into Stock (StockID, SupplierID, UnitPrice, StockLevel) values (15, 30, 85, 98);
insert into Stock (StockID, SupplierID, UnitPrice, StockLevel) values (16, 10, 140, 3);
insert into Stock (StockID, SupplierID, UnitPrice, StockLevel) values (17, 25, 155, 38);
insert into Stock (StockID, SupplierID, UnitPrice, StockLevel) values (18, 67, 170, 38);
insert into Stock (StockID, SupplierID, UnitPrice, StockLevel) values (19, 76, 145, 20);
insert into Stock (StockID, SupplierID, UnitPrice, StockLevel) values (20, 46, 55, 44);
insert into Stock (StockID, SupplierID, UnitPrice, StockLevel) values (21, 91, 70, 41);
insert into Stock (StockID, SupplierID, UnitPrice, StockLevel) values (22, 21, 100, 88);
insert into Stock (StockID, SupplierID, UnitPrice, StockLevel) values (23, 10, 190, 30);
insert into Stock (StockID, SupplierID, UnitPrice, StockLevel) values (24, 50, 15, 55);
insert into Stock (StockID, SupplierID, UnitPrice, StockLevel) values (25, 2, 20, 98);
insert into Stock (StockID, SupplierID, UnitPrice, StockLevel) values (26, 40, 175, 33);
insert into Stock (StockID, SupplierID, UnitPrice, StockLevel) values (27, 65, 90, 67);
insert into Stock (StockID, SupplierID, UnitPrice, StockLevel) values (28, 45, 65, 92);
insert into Stock (StockID, SupplierID, UnitPrice, StockLevel) values (29, 84, 25, 6);
insert into Stock (StockID, SupplierID, UnitPrice, StockLevel) values (30, 69, 145, 66);
insert into Stock (StockID, SupplierID, UnitPrice, StockLevel) values (31, 82, 195, 13);
insert into Stock (StockID, SupplierID, UnitPrice, StockLevel) values (32, 96, 90, 1);
insert into Stock (StockID, SupplierID, UnitPrice, StockLevel) values (33, 51, 195, 61);
insert into Stock (StockID, SupplierID, UnitPrice, StockLevel) values (34, 78, 155, 33);
insert into Stock (StockID, SupplierID, UnitPrice, StockLevel) values (35, 54, 145, 52);
insert into Stock (StockID, SupplierID, UnitPrice, StockLevel) values (36, 10, 100, 23);
insert into Stock (StockID, SupplierID, UnitPrice, StockLevel) values (37, 44, 35, 64);
insert into Stock (StockID, SupplierID, UnitPrice, StockLevel) values (38, 53, 50, 28);
insert into Stock (StockID, SupplierID, UnitPrice, StockLevel) values (39, 4, 60, 54);
insert into Stock (StockID, SupplierID, UnitPrice, StockLevel) values (40, 96, 100, 31);
insert into Stock (StockID, SupplierID, UnitPrice, StockLevel) values (41, 92, 70, 8);
insert into Stock (StockID, SupplierID, UnitPrice, StockLevel) values (42, 27, 125, 42);
insert into Stock (StockID, SupplierID, UnitPrice, StockLevel) values (43, 98, 5, 61);
insert into Stock (StockID, SupplierID, UnitPrice, StockLevel) values (44, 18, 145, 31);
insert into Stock (StockID, SupplierID, UnitPrice, StockLevel) values (45, 84, 15, 52);
insert into Stock (StockID, SupplierID, UnitPrice, StockLevel) values (46, 49, 25, 2);
insert into Stock (StockID, SupplierID, UnitPrice, StockLevel) values (47, 95, 5, 77);
insert into Stock (StockID, SupplierID, UnitPrice, StockLevel) values (48, 52, 95, 5);
insert into Stock (StockID, SupplierID, UnitPrice, StockLevel) values (49, 77, 70, 42);
insert into Stock (StockID, SupplierID, UnitPrice, StockLevel) values (50, 66, 10, 99);
insert into Stock (StockID, SupplierID, UnitPrice, StockLevel) values (51, 91, 200, 26);
insert into Stock (StockID, SupplierID, UnitPrice, StockLevel) values (52, 80, 180, 11);
insert into Stock (StockID, SupplierID, UnitPrice, StockLevel) values (53, 80, 10, 2);
insert into Stock (StockID, SupplierID, UnitPrice, StockLevel) values (54, 30, 15, 89);
insert into Stock (StockID, SupplierID, UnitPrice, StockLevel) values (55, 53, 105, 98);
insert into Stock (StockID, SupplierID, UnitPrice, StockLevel) values (56, 73, 30, 56);
insert into Stock (StockID, SupplierID, UnitPrice, StockLevel) values (57, 20, 145, 8);
insert into Stock (StockID, SupplierID, UnitPrice, StockLevel) values (58, 17, 170, 40);
insert into Stock (StockID, SupplierID, UnitPrice, StockLevel) values (59, 10, 165, 94);
insert into Stock (StockID, SupplierID, UnitPrice, StockLevel) values (60, 16, 40, 24);
insert into Stock (StockID, SupplierID, UnitPrice, StockLevel) values (61, 100, 75, 64);
insert into Stock (StockID, SupplierID, UnitPrice, StockLevel) values (62, 9, 140, 62);
insert into Stock (StockID, SupplierID, UnitPrice, StockLevel) values (63, 58, 150, 55);
insert into Stock (StockID, SupplierID, UnitPrice, StockLevel) values (64, 49, 20, 67);
insert into Stock (StockID, SupplierID, UnitPrice, StockLevel) values (65, 94, 115, 85);
insert into Stock (StockID, SupplierID, UnitPrice, StockLevel) values (66, 75, 195, 72);
insert into Stock (StockID, SupplierID, UnitPrice, StockLevel) values (67, 68, 90, 37);
insert into Stock (StockID, SupplierID, UnitPrice, StockLevel) values (68, 34, 115, 90);
insert into Stock (StockID, SupplierID, UnitPrice, StockLevel) values (69, 93, 140, 14);
insert into Stock (StockID, SupplierID, UnitPrice, StockLevel) values (70, 56, 115, 18);
insert into Stock (StockID, SupplierID, UnitPrice, StockLevel) values (71, 54, 165, 83);
insert into Stock (StockID, SupplierID, UnitPrice, StockLevel) values (72, 89, 155, 100);
insert into Stock (StockID, SupplierID, UnitPrice, StockLevel) values (73, 89, 150, 25);
insert into Stock (StockID, SupplierID, UnitPrice, StockLevel) values (74, 45, 30, 74);
insert into Stock (StockID, SupplierID, UnitPrice, StockLevel) values (75, 54, 75, 87);
insert into Stock (StockID, SupplierID, UnitPrice, StockLevel) values (76, 60, 5, 45);
insert into Stock (StockID, SupplierID, UnitPrice, StockLevel) values (77, 5, 35, 26);
insert into Stock (StockID, SupplierID, UnitPrice, StockLevel) values (78, 42, 25, 46);
insert into Stock (StockID, SupplierID, UnitPrice, StockLevel) values (79, 28, 120, 53);
insert into Stock (StockID, SupplierID, UnitPrice, StockLevel) values (80, 5, 90, 42);
insert into Stock (StockID, SupplierID, UnitPrice, StockLevel) values (81, 26, 155, 82);
insert into Stock (StockID, SupplierID, UnitPrice, StockLevel) values (82, 68, 145, 16);
insert into Stock (StockID, SupplierID, UnitPrice, StockLevel) values (83, 40, 145, 27);
insert into Stock (StockID, SupplierID, UnitPrice, StockLevel) values (84, 31, 170, 56);
insert into Stock (StockID, SupplierID, UnitPrice, StockLevel) values (85, 84, 195, 54);
insert into Stock (StockID, SupplierID, UnitPrice, StockLevel) values (86, 87, 45, 30);
insert into Stock (StockID, SupplierID, UnitPrice, StockLevel) values (87, 34, 130, 45);
insert into Stock (StockID, SupplierID, UnitPrice, StockLevel) values (88, 63, 35, 13);
insert into Stock (StockID, SupplierID, UnitPrice, StockLevel) values (89, 59, 145, 39);
insert into Stock (StockID, SupplierID, UnitPrice, StockLevel) values (90, 45, 70, 85);
insert into Stock (StockID, SupplierID, UnitPrice, StockLevel) values (91, 79, 155, 47);
insert into Stock (StockID, SupplierID, UnitPrice, StockLevel) values (92, 98, 40, 68);
insert into Stock (StockID, SupplierID, UnitPrice, StockLevel) values (93, 99, 20, 21);
insert into Stock (StockID, SupplierID, UnitPrice, StockLevel) values (94, 10, 160, 50);
insert into Stock (StockID, SupplierID, UnitPrice, StockLevel) values (95, 47, 55, 84);
insert into Stock (StockID, SupplierID, UnitPrice, StockLevel) values (96, 88, 180, 21);
insert into Stock (StockID, SupplierID, UnitPrice, StockLevel) values (97, 66, 45, 5);
insert into Stock (StockID, SupplierID, UnitPrice, StockLevel) values (98, 99, 60, 56);
insert into Stock (StockID, SupplierID, UnitPrice, StockLevel) values (99, 17, 195, 35);
insert into Stock (StockID, SupplierID, UnitPrice, StockLevel) values (100, 54, 185, 47);
insert into Stock (StockID, SupplierID, UnitPrice, StockLevel) values (101, 96, 195, 68);
insert into Stock (StockID, SupplierID, UnitPrice, StockLevel) values (102, 9, 10, 13);
insert into Stock (StockID, SupplierID, UnitPrice, StockLevel) values (103, 36, 70, 45);
insert into Stock (StockID, SupplierID, UnitPrice, StockLevel) values (104, 72, 45, 90);
insert into Stock (StockID, SupplierID, UnitPrice, StockLevel) values (105, 31, 145, 61);
insert into Stock (StockID, SupplierID, UnitPrice, StockLevel) values (106, 54, 90, 27);
insert into Stock (StockID, SupplierID, UnitPrice, StockLevel) values (107, 10, 110, 35);
insert into Stock (StockID, SupplierID, UnitPrice, StockLevel) values (108, 97, 110, 4);
insert into Stock (StockID, SupplierID, UnitPrice, StockLevel) values (109, 83, 45, 29);
insert into Stock (StockID, SupplierID, UnitPrice, StockLevel) values (110, 50, 60, 62);
insert into Stock (StockID, SupplierID, UnitPrice, StockLevel) values (111, 53, 5, 86);
insert into Stock (StockID, SupplierID, UnitPrice, StockLevel) values (112, 79, 200, 51);
insert into Stock (StockID, SupplierID, UnitPrice, StockLevel) values (113, 88, 180, 60);
insert into Stock (StockID, SupplierID, UnitPrice, StockLevel) values (114, 23, 80, 27);
insert into Stock (StockID, SupplierID, UnitPrice, StockLevel) values (115, 97, 25, 42);
insert into Stock (StockID, SupplierID, UnitPrice, StockLevel) values (116, 87, 5, 40);
insert into Stock (StockID, SupplierID, UnitPrice, StockLevel) values (117, 40, 60, 40);
insert into Stock (StockID, SupplierID, UnitPrice, StockLevel) values (118, 14, 115, 69);
insert into Stock (StockID, SupplierID, UnitPrice, StockLevel) values (119, 27, 185, 13);
insert into Stock (StockID, SupplierID, UnitPrice, StockLevel) values (120, 61, 180, 71);
insert into Stock (StockID, SupplierID, UnitPrice, StockLevel) values (121, 19, 25, 94);
insert into Stock (StockID, SupplierID, UnitPrice, StockLevel) values (122, 65, 140, 45);
insert into Stock (StockID, SupplierID, UnitPrice, StockLevel) values (123, 60, 75, 15);
insert into Stock (StockID, SupplierID, UnitPrice, StockLevel) values (124, 54, 90, 21);
insert into Stock (StockID, SupplierID, UnitPrice, StockLevel) values (125, 9, 180, 33);
insert into Stock (StockID, SupplierID, UnitPrice, StockLevel) values (126, 40, 150, 3);
insert into Stock (StockID, SupplierID, UnitPrice, StockLevel) values (127, 72, 75, 4);
insert into Stock (StockID, SupplierID, UnitPrice, StockLevel) values (128, 31, 65, 36);
insert into Stock (StockID, SupplierID, UnitPrice, StockLevel) values (129, 96, 120, 79);
insert into Stock (StockID, SupplierID, UnitPrice, StockLevel) values (130, 18, 135, 81);
insert into Stock (StockID, SupplierID, UnitPrice, StockLevel) values (131, 28, 60, 62);
insert into Stock (StockID, SupplierID, UnitPrice, StockLevel) values (132, 16, 100, 34);
insert into Stock (StockID, SupplierID, UnitPrice, StockLevel) values (133, 69, 135, 70);
insert into Stock (StockID, SupplierID, UnitPrice, StockLevel) values (134, 98, 15, 40);
insert into Stock (StockID, SupplierID, UnitPrice, StockLevel) values (135, 96, 185, 43);
insert into Stock (StockID, SupplierID, UnitPrice, StockLevel) values (136, 47, 170, 46);
insert into Stock (StockID, SupplierID, UnitPrice, StockLevel) values (137, 22, 50, 90);
insert into Stock (StockID, SupplierID, UnitPrice, StockLevel) values (138, 46, 20, 18);
insert into Stock (StockID, SupplierID, UnitPrice, StockLevel) values (139, 94, 35, 40);
insert into Stock (StockID, SupplierID, UnitPrice, StockLevel) values (140, 61, 65, 88);
insert into Stock (StockID, SupplierID, UnitPrice, StockLevel) values (141, 16, 160, 42);
insert into Stock (StockID, SupplierID, UnitPrice, StockLevel) values (142, 98, 30, 69);
insert into Stock (StockID, SupplierID, UnitPrice, StockLevel) values (143, 80, 145, 50);
insert into Stock (StockID, SupplierID, UnitPrice, StockLevel) values (144, 16, 185, 41);
insert into Stock (StockID, SupplierID, UnitPrice, StockLevel) values (145, 18, 190, 62);
insert into Stock (StockID, SupplierID, UnitPrice, StockLevel) values (146, 69, 100, 27);
insert into Stock (StockID, SupplierID, UnitPrice, StockLevel) values (147, 39, 60, 30);
insert into Stock (StockID, SupplierID, UnitPrice, StockLevel) values (148, 22, 5, 84);
insert into Stock (StockID, SupplierID, UnitPrice, StockLevel) values (149, 27, 130, 98);
insert into Stock (StockID, SupplierID, UnitPrice, StockLevel) values (150, 55, 70, 100);
insert into Stock (StockID, SupplierID, UnitPrice, StockLevel) values (151, 11, 70, 86);
insert into Stock (StockID, SupplierID, UnitPrice, StockLevel) values (152, 77, 95, 6);
insert into Stock (StockID, SupplierID, UnitPrice, StockLevel) values (153, 99, 145, 8);
insert into Stock (StockID, SupplierID, UnitPrice, StockLevel) values (154, 95, 45, 31);
insert into Stock (StockID, SupplierID, UnitPrice, StockLevel) values (155, 70, 95, 72);
insert into Stock (StockID, SupplierID, UnitPrice, StockLevel) values (156, 95, 160, 71);
insert into Stock (StockID, SupplierID, UnitPrice, StockLevel) values (157, 26, 85, 29);
insert into Stock (StockID, SupplierID, UnitPrice, StockLevel) values (158, 25, 110, 100);
insert into Stock (StockID, SupplierID, UnitPrice, StockLevel) values (159, 92, 30, 86);
insert into Stock (StockID, SupplierID, UnitPrice, StockLevel) values (160, 77, 5, 97);
insert into Stock (StockID, SupplierID, UnitPrice, StockLevel) values (161, 12, 60, 44);
insert into Stock (StockID, SupplierID, UnitPrice, StockLevel) values (162, 13, 155, 93);
insert into Stock (StockID, SupplierID, UnitPrice, StockLevel) values (163, 9, 10, 82);
insert into Stock (StockID, SupplierID, UnitPrice, StockLevel) values (164, 93, 110, 57);
insert into Stock (StockID, SupplierID, UnitPrice, StockLevel) values (165, 16, 160, 2);
insert into Stock (StockID, SupplierID, UnitPrice, StockLevel) values (166, 80, 100, 16);
insert into Stock (StockID, SupplierID, UnitPrice, StockLevel) values (167, 31, 10, 50);
insert into Stock (StockID, SupplierID, UnitPrice, StockLevel) values (168, 54, 10, 53);
insert into Stock (StockID, SupplierID, UnitPrice, StockLevel) values (169, 100, 180, 63);
insert into Stock (StockID, SupplierID, UnitPrice, StockLevel) values (170, 94, 100, 12);
insert into Stock (StockID, SupplierID, UnitPrice, StockLevel) values (171, 5, 185, 40);
insert into Stock (StockID, SupplierID, UnitPrice, StockLevel) values (172, 61, 155, 16);
insert into Stock (StockID, SupplierID, UnitPrice, StockLevel) values (173, 47, 85, 10);
insert into Stock (StockID, SupplierID, UnitPrice, StockLevel) values (174, 9, 95, 36);
insert into Stock (StockID, SupplierID, UnitPrice, StockLevel) values (175, 100, 185, 73);
insert into Stock (StockID, SupplierID, UnitPrice, StockLevel) values (176, 16, 185, 65);
insert into Stock (StockID, SupplierID, UnitPrice, StockLevel) values (177, 94, 110, 31);
insert into Stock (StockID, SupplierID, UnitPrice, StockLevel) values (178, 72, 20, 100);
insert into Stock (StockID, SupplierID, UnitPrice, StockLevel) values (179, 29, 85, 5);
insert into Stock (StockID, SupplierID, UnitPrice, StockLevel) values (180, 38, 40, 56);
insert into Stock (StockID, SupplierID, UnitPrice, StockLevel) values (181, 48, 180, 92);
insert into Stock (StockID, SupplierID, UnitPrice, StockLevel) values (182, 13, 100, 21);
insert into Stock (StockID, SupplierID, UnitPrice, StockLevel) values (183, 17, 95, 72);
insert into Stock (StockID, SupplierID, UnitPrice, StockLevel) values (184, 52, 180, 52);
insert into Stock (StockID, SupplierID, UnitPrice, StockLevel) values (185, 79, 15, 75);
insert into Stock (StockID, SupplierID, UnitPrice, StockLevel) values (186, 59, 40, 19);
insert into Stock (StockID, SupplierID, UnitPrice, StockLevel) values (187, 14, 50, 29);
insert into Stock (StockID, SupplierID, UnitPrice, StockLevel) values (188, 11, 200, 91);
insert into Stock (StockID, SupplierID, UnitPrice, StockLevel) values (189, 75, 35, 23);
insert into Stock (StockID, SupplierID, UnitPrice, StockLevel) values (190, 83, 35, 93);
insert into Stock (StockID, SupplierID, UnitPrice, StockLevel) values (191, 61, 75, 12);
insert into Stock (StockID, SupplierID, UnitPrice, StockLevel) values (192, 38, 95, 10);
insert into Stock (StockID, SupplierID, UnitPrice, StockLevel) values (193, 10, 195, 79);
insert into Stock (StockID, SupplierID, UnitPrice, StockLevel) values (194, 22, 200, 58);
insert into Stock (StockID, SupplierID, UnitPrice, StockLevel) values (195, 81, 10, 80);
insert into Stock (StockID, SupplierID, UnitPrice, StockLevel) values (196, 55, 140, 76);
insert into Stock (StockID, SupplierID, UnitPrice, StockLevel) values (197, 70, 80, 51);
insert into Stock (StockID, SupplierID, UnitPrice, StockLevel) values (198, 7, 95, 14);
insert into Stock (StockID, SupplierID, UnitPrice, StockLevel) values (199, 62, 55, 13);
insert into Stock (StockID, SupplierID, UnitPrice, StockLevel) values (200, 30, 95, 37);
